,AC135068.3,AC135068.9,IGHV1-18,IGHV1-2,IGHV1-24,IGHV1-3,IGHV1-45,IGHV1-46,IGHV1-58,IGHV1-69,IGHV1-69-2,IGHV1-69D,IGHV1OR15-1,IGHV1OR15-9,IGHV1OR21-1,IGHV2-26,IGHV2-5,IGHV2-70,IGHV2-70D,IGHV2OR16-5,IGHV3-11,IGHV3-13,IGHV3-15,IGHV3-16,IGHV3-20,IGHV3-21,IGHV3-23,IGHV3-30,IGHV3-33,IGHV3-35,IGHV3-38,IGHV3-43,IGHV3-48,IGHV3-49,IGHV3-53,IGHV3-64,IGHV3-64D,IGHV3-66,IGHV3-7,IGHV3-72,IGHV3-73,IGHV3-74,IGHV3OR15-7,IGHV3OR16-10,IGHV3OR16-12,IGHV3OR16-13,IGHV3OR16-8,IGHV3OR16-9,IGHV4-28,IGHV4-31,IGHV4-34,IGHV4-39,IGHV4-4,IGHV4-59,IGHV4-61,IGHV4OR15-8,IGHV5-10-1,IGHV5-51,IGHV6-1,IGHV7-4-1,IGHV7-81,IGHV8-51-1,IGKV1-12,IGKV1-16,IGKV1-17,IGKV1-27,IGKV1-33,IGKV1-37,IGKV1-39,IGKV1-5,IGKV1-6,IGKV1-8,IGKV1-9,IGKV1D-12,IGKV1D-13,IGKV1D-16,IGKV1D-17,IGKV1D-33,IGKV1D-37,IGKV1D-39,IGKV1D-42,IGKV1D-43,IGKV1D-8,IGKV1OR2-108,IGKV2-24,IGKV2-28,IGKV2-30,IGKV2-40,IGKV2D-24,IGKV2D-26,IGKV2D-28,IGKV2D-29,IGKV2D-30,IGKV2D-40,IGKV3-11,IGKV3-15,IGKV3-20,IGKV3-7,IGKV3D-11,IGKV3D-15,IGKV3D-20,IGKV3D-7,IGKV3OR2-268,IGKV4-1,IGKV5-2,IGKV6-21,IGKV6D-21,IGKV6D-41,IGLV1-36,IGLV1-40,IGLV1-44,IGLV1-47,IGLV1-50,IGLV1-51,IGLV10-54,IGLV11-55,IGLV2-11,IGLV2-14,IGLV2-18,IGLV2-23,IGLV2-33,IGLV2-8,IGLV3-1,IGLV3-10,IGLV3-12,IGLV3-16,IGLV3-19,IGLV3-21,IGLV3-22,IGLV3-25,IGLV3-27,IGLV3-32,IGLV3-9,IGLV4-3,IGLV4-60,IGLV4-69,IGLV5-37,IGLV5-45,IGLV5-48,IGLV5-52,IGLV6-57,IGLV7-43,IGLV7-46,IGLV8-61,IGLV9-49,TRAC,TRAJ1,TRAJ10,TRAJ11,TRAJ12,TRAJ13,TRAJ14,TRAJ16,TRAJ17,TRAJ18,TRAJ19,TRAJ2,TRAJ20,TRAJ21,TRAJ22,TRAJ23,TRAJ24,TRAJ25,TRAJ26,TRAJ27,TRAJ28,TRAJ29,TRAJ3,TRAJ30,TRAJ31,TRAJ32,TRAJ33,TRAJ34,TRAJ35,TRAJ36,TRAJ37,TRAJ38,TRAJ39,TRAJ4,TRAJ40,TRAJ41,TRAJ42,TRAJ43,TRAJ44,TRAJ45,TRAJ46,TRAJ47,TRAJ48,TRAJ49,TRAJ5,TRAJ50,TRAJ52,TRAJ53,TRAJ54,TRAJ56,TRAJ57,TRAJ58,TRAJ59,TRAJ6,TRAJ61,TRAJ7,TRAJ9,TRAV1-1,TRAV1-2,TRAV10,TRAV12-1,TRAV12-2,TRAV12-3,TRAV13-1,TRAV13-2,TRAV14DV4,TRAV16,TRAV17,TRAV18,TRAV19,TRAV2,TRAV20,TRAV21,TRAV22,TRAV23DV6,TRAV24,TRAV25,TRAV26-1,TRAV26-2,TRAV27,TRAV29DV5,TRAV3,TRAV30,TRAV34,TRAV36DV7,TRAV38-1,TRAV38-2DV8,TRAV39,TRAV4,TRAV40,TRAV41,TRAV5,TRAV6,TRAV7,TRAV8-1,TRAV8-2,TRAV8-3,TRAV8-4,TRAV8-6,TRAV8-7,TRAV9-1,TRAV9-2,TRBC1,TRBC2,TRBD1,TRBJ1-1,TRBJ1-2,TRBJ1-3,TRBJ1-4,TRBJ1-5,TRBJ1-6,TRBJ2-1,TRBJ2-2,TRBJ2-2P,TRBJ2-3,TRBJ2-4,TRBJ2-5,TRBJ2-6,TRBJ2-7,TRBV10-1,TRBV10-2,TRBV10-3,TRBV11-1,TRBV11-3,TRBV12-3,TRBV12-4,TRBV12-5,TRBV13,TRBV14,TRBV15,TRBV16,TRBV17,TRBV18,TRBV19,TRBV2,TRBV20-1,TRBV20OR9-2,TRBV23-1,TRBV24-1,TRBV25-1,TRBV27,TRBV28,TRBV29-1,TRBV3-1,TRBV30,TRBV4-1,TRBV4-2,TRBV5-1,TRBV5-3,TRBV5-4,TRBV5-5,TRBV5-6,TRBV5-7,TRBV6-1,TRBV6-2,TRBV6-4,TRBV6-5,TRBV6-6,TRBV6-7,TRBV6-8,TRBV7-1,TRBV7-2,TRBV7-3,TRBV7-4,TRBV7-6,TRBV7-7,TRBV7-9,TRBV9,TRDC,TRDD1,TRDD2,TRDD3,TRDJ1,TRDJ2,TRDJ3,TRDJ4,TRDV1,TRDV2,TRDV3,TRGC1,TRGC2,TRGJ1,TRGJ2,TRGJP,TRGJP1,TRGJP2,TRGV1,TRGV10,TRGV11,TRGV2,TRGV3,TRGV4,TRGV5,TRGV8,TRGV9
22BR005,3,0,935,159,43,296,8,163,63,14,0,48,0,0,0,9,110,123,10,0,97,70,316,0,32,610,865,657,297,0,0,58,79,88,53,1,231,8,169,5,127,49,0,0,1,1,1,1,10,24,84,593,216,77,92,0,36,115,375,0,0,0,34,87,97,84,2,2,28,1698,193,5,66,4,553,56,19,3,2,35,1,4,7,0,203,31,92,0,5,0,73,7,7,35,1337,466,790,2,24,13,70,0,1,1036,0,35,5,0,8,162,173,86,1,2,3,0,111,375,18,129,0,560,261,119,1,4,837,160,0,92,69,0,36,0,0,29,9,19,1,3,70,102,12,60,15,757,2,0,0,2,0,2,1,0,0,0,3,1,0,0,0,0,0,0,0,0,0,0,0,0,2,1,0,0,0,0,0,0,1,0,0,0,1,1,1,0,1,0,2,0,0,0,0,1,0,0,0,0,4,0,0,1,5,7,1,10,12,8,27,3,9,4,12,10,17,7,3,6,5,11,4,5,8,6,2,8,10,1,0,3,0,6,5,17,3,6,2,3,0,5,4,8,6,16,0,0,13,284,512,10,2,2,11,9,9,14,2,0,0,0,0,0,0,4,1,3,8,1,1,9,11,2,6,5,5,0,0,13,21,14,35,1,2,1,0,8,7,14,16,21,10,12,34,0,25,5,6,0,15,5,0,7,5,0,2,1,22,6,1,1,1,11,7,19,0,0,0,1,0,0,1,4,5,1,18,19,1,0,0,0,0,2,11,0,11,12,11,6,3,4
05BR001,1,0,1179,610,2208,3031,2,885,65,385,22,563,0,4,8,3331,1707,1652,744,2,2019,53,769,0,24,3901,4025,1329,3313,2,0,2950,809,293,216,15,96,152,1857,44,990,606,4,0,0,10,1,2,7,85,346,3238,133,1930,900,1,349,2359,481,2,0,0,893,157,507,229,117,11,103,10387,104,15,137,200,117,86,12,62,8,113,1,4,29,5,1388,72,133,1,18,1,82,56,150,37,10007,1037,3600,4,71,114,188,0,14,10697,8,3574,27,0,14,4061,227,3848,8,12,962,1,3921,6758,45,4459,1,205,7725,1365,4,6,16141,11372,5,5963,31,0,475,1,74,1260,60,23,13,0,646,103,223,75,55,1761,2,4,4,1,4,5,0,5,3,1,2,6,2,4,3,1,0,0,4,1,2,5,2,4,1,3,2,1,3,0,2,7,4,1,2,1,2,3,3,1,0,1,1,7,0,2,1,0,0,0,0,0,8,0,5,1,6,8,17,24,54,34,45,20,22,20,26,6,43,15,13,27,4,8,12,9,21,20,8,30,13,7,2,6,8,24,10,37,1,11,11,4,0,6,19,26,26,31,0,1,41,958,1280,20,6,13,17,16,21,21,9,2,7,4,1,0,1,5,6,10,27,4,0,17,23,8,13,9,6,1,0,27,57,34,71,0,11,10,1,48,18,41,37,20,16,46,56,2,24,6,18,0,15,19,2,38,13,2,0,0,75,23,4,13,1,52,30,74,0,0,0,4,3,1,2,18,3,1,312,93,1,0,3,0,4,7,19,1,9,16,17,5,7,24
18BR002,0,0,69,29,28,84,17,48,2,60,3,57,0,0,0,23,87,57,24,0,54,10,82,0,4,101,260,237,96,2,0,11,94,36,16,3,17,7,113,17,25,48,0,0,0,1,0,0,6,37,57,173,60,106,14,1,13,79,12,0,0,0,56,41,33,30,4,0,13,349,58,12,139,5,1,8,0,0,0,23,0,2,1,6,64,4,49,0,4,0,11,16,2,4,378,221,616,0,21,7,36,0,1,464,8,8,9,0,4,171,162,141,0,1,23,0,119,484,11,318,2,74,140,116,1,0,196,147,0,170,33,0,89,0,0,112,2,13,5,0,60,30,66,75,18,759,2,0,2,0,1,1,1,2,1,2,0,0,0,2,0,0,0,0,0,0,0,2,0,3,1,1,0,0,0,0,0,0,2,0,0,1,0,1,1,1,0,0,0,1,0,0,0,0,0,2,0,0,0,0,0,1,3,3,5,7,44,8,16,12,13,6,8,2,10,4,2,22,2,5,5,7,12,4,3,10,3,3,3,4,9,8,1,7,0,2,3,2,0,4,16,17,10,10,0,0,7,319,756,6,1,0,5,6,8,10,3,0,0,1,2,0,1,4,2,7,14,0,3,12,8,3,1,2,3,0,0,9,26,16,28,0,5,2,3,17,23,19,16,1,0,12,22,0,8,4,7,0,5,17,0,9,5,0,0,0,23,20,3,5,3,19,10,19,0,0,0,0,0,0,0,7,5,0,18,51,0,0,0,0,0,3,17,0,9,10,11,7,4,2
11BR018,3,0,1690,506,1353,1768,34,1227,223,380,254,1237,0,3,0,287,524,454,284,0,860,194,2516,0,5,1584,2952,989,1446,4,3,213,1695,862,694,49,899,125,2811,452,320,1988,5,0,2,123,8,1,41,21,530,1363,1153,1268,377,4,1118,2287,521,12,1,0,1423,815,512,1335,42,1,164,6683,524,234,1059,58,145,102,107,58,0,110,4,3,25,13,1267,28,804,0,73,1,20,483,37,60,3437,1804,7785,16,103,52,282,4,13,4499,19,328,130,0,221,3404,1922,1611,8,11,196,0,1674,8831,116,2744,2,1818,2160,1569,30,26,1475,4255,2,1475,431,0,355,31,167,769,50,307,8,2,927,838,414,860,23,1281,1,2,0,3,1,0,2,1,2,1,1,1,0,2,0,0,1,0,1,1,0,3,0,3,1,1,1,0,1,2,1,1,2,1,0,0,1,2,2,0,0,1,0,1,0,0,0,1,1,0,0,0,5,0,3,1,3,8,9,16,31,41,43,11,16,12,13,3,19,8,15,23,7,21,4,20,11,8,13,18,18,6,1,7,3,15,5,21,0,12,7,4,0,8,32,35,20,16,1,0,19,756,1487,14,3,6,14,11,10,26,1,2,4,10,2,2,2,4,0,4,14,1,6,16,15,2,13,16,10,0,0,18,49,24,58,0,3,4,5,28,8,47,23,17,2,56,39,0,23,5,25,0,12,30,5,30,11,2,0,1,118,21,5,10,2,42,29,39,0,0,0,3,0,3,1,7,1,0,59,90,0,0,0,0,2,3,24,0,17,29,22,15,5,10
11BR022,4,0,1479,2185,476,729,61,1275,81,286,94,715,0,1,0,219,466,245,244,1,628,107,1289,2,81,1101,2231,745,1165,6,1,70,1023,471,241,11,461,54,1248,335,178,625,9,1,1,37,6,3,26,30,2853,759,253,667,175,1,639,1229,581,734,3,0,710,1037,491,1016,33,1,71,4239,626,141,1161,72,14,150,1,45,0,97,5,7,18,14,541,16,391,0,39,0,12,227,13,31,2871,2110,4867,19,119,74,180,5,18,4481,40,150,52,0,152,2191,1105,1191,10,8,298,1,1940,4890,234,1786,15,947,1950,2658,20,26,1191,2571,1,3036,424,0,321,15,335,1170,10,73,5,3,1083,1059,771,422,378,250,0,0,1,0,0,0,0,0,0,0,1,0,0,0,0,0,0,0,0,0,0,0,0,0,0,0,0,1,0,0,0,0,1,0,0,1,0,0,1,0,1,0,0,0,0,0,0,0,0,0,0,0,0,0,0,0,0,2,1,1,5,4,10,3,2,0,1,12,7,2,2,2,2,1,3,1,3,1,1,5,5,0,0,0,0,5,2,1,0,3,2,3,0,4,2,3,2,3,0,0,2,137,231,3,0,1,0,1,1,1,2,2,0,0,0,0,0,5,1,1,4,1,0,6,5,1,4,2,2,0,0,5,12,10,12,0,0,0,0,7,14,10,4,3,3,7,9,1,4,2,1,0,2,8,0,5,4,0,0,1,17,3,0,2,0,7,7,13,0,0,0,1,0,0,0,4,2,0,10,36,0,0,0,0,0,0,8,0,4,6,6,3,2,1
09BR004,1,0,49,1616,62,5,0,5,206,451,235,88,0,0,0,1,754,0,34,0,5,4,7,2,4,1046,839,517,51,1,1,6,280,8,41,0,1,5,26,0,1,97,0,0,0,6,0,0,2,28,282,223,3,1785,117,0,3,8,9,0,0,0,89,4,830,196,3,0,41,3034,40,4,134,43,1,8,2,1,0,60,1,0,2,8,7,19,20,0,0,0,18,0,0,1,104,363,2475,1,2,4,29,0,0,889,452,398,10,0,0,14,1047,27,0,7,1,0,4,106,2,38,0,9,40,9,0,0,2416,212,0,5,1,0,0,0,1,549,0,2,0,1,277,58,0,14,357,77,0,0,0,0,0,0,0,0,0,0,0,0,0,0,0,0,0,0,1,0,0,0,0,0,0,0,0,0,0,0,0,0,1,0,0,0,0,1,0,0,0,0,0,0,0,0,0,0,0,0,0,0,0,0,0,0,0,0,0,1,0,3,1,1,0,0,1,0,1,1,2,1,2,0,0,0,1,0,0,1,0,8,0,0,2,0,0,1,0,7,0,0,0,0,0,0,1,0,0,0,0,49,70,1,0,0,0,0,0,2,0,0,0,0,0,0,0,0,3,8,1,4,0,2,2,0,1,0,0,1,0,3,1,1,14,0,1,1,0,2,4,5,4,1,2,4,6,0,46,4,3,1,3,2,20,18,10,4,0,8,1,7,6,1,3,5,5,6,0,0,0,0,1,0,0,0,1,1,6,17,0,0,0,0,0,1,2,0,1,2,4,0,0,4
11BR042,1,0,807,495,170,251,1,250,22,563,88,439,0,2,0,67,3062,52,11,1,173,17,229,1,125,1388,953,311,982,2,0,5,1727,125,421,4,80,5,799,50,191,299,5,1,1,8,1,1,34,82,328,8,86,379,837,0,96,228,60,0,0,0,203,156,632,110,309,0,532,1600,194,11,838,8,9,27,1,279,0,606,6,2,52,56,138,16,98,0,6,0,8,36,3,21,1614,729,4784,2,37,21,76,0,12,2358,25,266,11,3,9,211,814,74,1,7,75,0,292,902,23,3868,0,838,1191,75,160,4,963,973,0,385,76,0,92,2,273,622,6,14,1,1,2618,14,27,32,52,352,2,0,0,0,0,0,0,0,0,0,1,0,1,0,0,0,0,0,0,0,0,0,0,0,0,0,0,0,0,0,0,0,1,0,0,1,0,0,0,0,0,1,0,0,0,0,0,0,0,0,0,0,0,0,1,0,3,3,2,12,5,6,15,7,6,3,12,9,5,3,4,4,1,4,2,2,0,0,3,5,7,1,1,1,3,15,3,8,0,1,3,3,0,0,4,4,7,5,0,0,5,140,334,3,0,2,2,1,2,2,0,0,2,2,1,0,1,2,0,0,3,0,0,2,2,0,0,3,0,0,0,4,14,3,12,0,1,3,4,25,6,7,5,5,2,6,10,0,3,4,1,0,1,5,0,6,2,0,0,0,10,5,1,5,0,7,4,11,0,0,0,0,0,0,0,13,0,2,224,30,1,0,2,0,2,1,1,0,4,4,5,3,5,4
01BR023,0,0,13,12,10,14,0,10,1,5,5,2,0,0,0,2,10,9,0,0,42,3,40,0,0,20,46,22,8,0,0,1,11,6,7,0,4,2,25,4,6,51,0,0,0,3,2,0,0,3,1,7,0,6,4,0,12,34,4,4,4,0,10,5,6,8,5,0,2,76,3,2,19,6,1,4,3,7,0,11,0,1,0,5,11,5,18,0,3,1,10,5,9,0,35,15,60,0,2,5,7,0,0,142,0,3,2,0,0,19,26,32,3,1,6,0,22,43,2,26,0,19,26,15,0,1,41,29,0,85,1,0,5,0,6,17,3,17,5,4,11,10,11,13,5,43,0,2,0,0,0,0,0,0,0,0,0,0,0,0,0,0,0,0,0,1,0,0,0,0,0,0,0,0,0,1,0,0,0,0,0,0,0,0,0,0,0,0,0,0,0,0,0,0,0,2,0,0,0,0,0,0,1,0,0,0,1,0,1,1,0,0,0,1,4,0,0,0,0,0,0,0,0,0,1,1,0,0,0,0,0,2,1,0,0,0,1,0,0,0,0,1,0,0,0,0,0,22,57,0,0,0,0,0,0,1,0,0,0,0,0,0,0,0,0,0,0,0,0,0,0,0,0,0,0,0,0,0,0,1,5,0,0,0,0,2,3,0,1,0,0,0,3,0,0,0,0,0,1,0,0,0,0,0,0,0,0,0,0,0,0,1,2,11,0,0,0,0,0,0,0,3,1,0,46,10,0,0,0,0,0,0,0,0,0,3,3,2,1,1
11BR038,2,1,1962,3291,1886,4,22,908,37,257,3,180,1,4,4,255,1780,8,3,0,937,201,1438,0,93,1311,1931,1301,288,3,1,898,1152,571,292,187,4,252,1549,340,136,818,8,1,1,40,6,0,40,37,622,5404,15,1036,331,2,1,752,361,2,3,0,482,563,579,654,78,0,94,5810,440,66,524,40,258,111,97,58,0,119,5,81,27,27,494,58,661,0,71,2,55,2763,24,25,3081,1412,8055,8,67,104,220,0,11,10389,99,137,174,1,209,1636,4013,1338,27,5,27,0,1602,2311,237,1946,5,1002,2607,1413,9,16,1235,1264,0,3088,375,0,496,10,356,166,29,168,5,3,1270,523,823,712,246,1440,3,1,0,3,1,0,1,0,1,2,1,2,0,0,0,1,0,0,0,1,0,2,2,1,0,1,0,0,0,0,1,1,3,0,0,1,1,1,1,0,0,0,0,2,0,0,0,0,0,1,1,2,2,0,2,0,6,9,6,25,38,29,44,24,16,13,36,1,20,7,12,21,10,10,3,10,35,13,8,23,11,13,4,11,6,6,4,23,3,10,8,6,0,15,27,27,19,31,1,1,22,562,1458,7,4,6,9,7,11,12,8,5,6,3,0,0,4,14,0,3,22,4,1,12,7,3,6,14,14,0,0,22,33,17,91,0,5,7,2,28,62,47,27,11,20,29,50,0,13,7,14,0,18,13,1,25,7,0,2,1,46,24,5,13,3,48,31,30,0,0,0,0,0,0,0,6,3,0,46,65,0,0,0,1,1,6,8,0,9,25,19,22,4,3
11BR024,4,1,8938,4077,2820,404,61,1473,2,1054,1,1942,1,5,0,24,1083,28,3,0,428,15,531,0,106,573,5366,3419,4077,283,0,52,995,105,486,217,5,74,1699,24,97,1121,5,2,0,34,2,0,29,1636,183,5240,525,1410,195,1,2,5966,459,4355,2,0,807,253,4851,331,26,0,23,9936,278,7,417,44,4,143,4,13,0,23,1,1,0,2,95,99,478,4,2,0,83,45,23,43,8849,1064,5524,9,1780,32,421,0,14,14530,125,61,262,0,22,2089,8573,1445,1,11,73,1,2996,4475,770,1446,2,863,35540,659,1,83,3556,828,3,22661,2828,4,35,4,193,491,123,96,9,0,921,118,118,98,66,1398,3,0,1,0,4,2,2,0,3,2,0,1,3,1,4,0,0,1,0,3,0,2,0,3,0,0,1,1,0,0,1,1,1,0,0,0,0,1,0,0,0,0,0,3,0,0,0,1,0,0,1,0,0,0,1,2,18,44,7,8,23,61,18,17,17,20,49,5,136,14,3,15,3,16,14,10,5,6,1,30,20,9,1,4,6,14,4,52,0,2,3,17,0,9,16,20,10,34,0,0,25,972,1677,15,7,6,13,13,16,17,6,4,7,2,4,1,0,11,0,2,35,1,2,4,9,12,32,7,16,0,0,30,37,30,84,0,4,3,5,90,40,227,42,4,32,19,24,0,41,46,14,0,19,21,6,14,25,0,0,0,84,16,1,8,2,28,47,26,0,0,0,4,1,2,1,7,7,0,262,439,0,0,0,5,26,3,44,0,8,15,11,13,6,58
20BR005,0,0,287,257,259,148,8,118,15,95,213,192,0,1,1,14,255,30,45,0,145,7,178,0,174,332,722,97,124,0,1,92,175,103,30,47,1,41,349,47,39,94,4,1,0,4,1,0,11,35,79,1861,47,118,72,0,2,255,205,1,0,0,65,202,164,264,72,0,77,1785,167,15,424,24,2057,66,72,45,0,103,1,1,44,4,131,9,113,0,66,0,23,74,4,12,1062,503,1450,0,30,40,483,0,3,1745,37,38,74,3,28,220,726,887,0,5,29,0,342,695,1,142,0,75,586,124,0,8,154,142,0,242,39,1,18,1,11,87,48,39,2,1,198,66,60,241,35,351,0,2,0,0,0,1,0,2,2,0,0,0,0,2,0,0,0,0,0,0,0,0,0,0,0,0,1,0,1,0,0,1,2,0,0,1,0,0,0,0,0,0,0,2,1,1,0,0,0,0,0,0,0,0,0,0,0,2,1,4,8,5,18,2,6,3,4,1,8,3,0,5,4,0,2,3,3,1,10,5,1,14,1,1,1,0,5,7,0,2,2,2,1,3,4,9,1,2,0,0,7,73,109,2,0,1,1,2,4,1,0,0,0,0,0,0,0,0,0,1,1,0,0,2,2,0,0,4,2,0,0,4,7,9,3,0,0,5,7,7,14,5,2,0,5,2,8,0,0,0,0,0,3,6,0,4,4,1,0,0,4,6,1,2,0,4,2,15,0,0,0,2,0,0,0,6,4,0,17,27,0,0,0,0,0,4,4,0,5,5,2,2,2,2
01BR009,1,0,3792,1209,492,260,5,762,13,3616,725,5490,2,6,0,142,180,7,33,0,238,9,70,0,300,3321,4245,1585,4439,1,1,467,1805,539,68,100,2,40,557,14,86,188,13,0,2,22,1,2,45,197,308,2371,0,506,238,3,1,1115,24622,590,0,0,1630,1846,160,1758,267,9,1364,29533,779,2331,115,359,490,256,345,229,26,2931,1,343,222,125,121,194,11599,54,33,2,338,66,5915,432,3260,2893,28490,3,227,436,3822,1,15,102525,12,136,85,0,86,3874,1589,543,1,6,11,0,387,1841,8,795,1,596,1943,32,3,2,477,1825,3,397,28,0,66,0,45,179,0,33,9,4,15469,73,139,669,17,463,0,0,0,0,0,0,0,0,2,0,0,0,1,1,2,0,0,0,0,0,1,0,0,0,0,0,0,0,0,0,0,0,2,0,2,0,0,0,0,1,0,0,0,0,1,0,0,1,0,0,0,0,0,0,0,0,0,5,0,4,16,2,6,1,3,1,12,0,12,1,1,10,3,1,8,1,1,3,6,5,5,0,1,1,3,1,0,7,0,0,1,1,0,5,2,16,7,10,0,0,9,380,412,12,0,1,3,2,6,5,0,0,2,1,0,0,0,3,2,2,3,0,1,4,7,0,0,0,3,2,0,2,11,13,25,1,7,0,5,4,3,13,12,7,9,4,14,0,1,2,3,0,5,5,0,8,0,0,0,1,14,1,0,1,0,16,23,10,0,0,0,1,0,1,0,4,1,0,14,39,0,0,0,0,0,3,9,0,7,5,16,5,2,11
05BR029,0,0,4,8,2,5,0,2,1,5,0,0,0,0,0,1,7,5,0,0,3,1,6,0,1,8,36,71,14,0,0,25,19,3,13,3,1,4,17,0,5,11,1,0,0,0,0,0,1,4,11,22,7,27,1,0,0,13,0,3,0,0,8,2,3,1,1,0,0,42,2,0,6,1,0,0,0,1,0,2,0,1,0,1,2,0,7,0,0,0,0,0,0,0,22,34,47,0,2,0,0,0,0,38,0,0,0,0,0,59,42,11,2,1,1,0,5,121,0,9,0,2,24,2,2,0,21,49,0,11,0,0,1,0,4,2,0,1,1,3,7,0,18,21,0,241,1,0,0,0,1,1,0,2,2,0,0,0,1,1,0,0,0,0,0,0,0,0,0,0,0,0,0,0,0,0,0,0,0,1,0,2,1,0,0,0,0,0,1,0,0,0,0,0,0,1,0,0,0,0,0,0,5,3,2,7,8,12,19,6,4,5,8,0,7,3,4,2,1,2,1,1,6,2,2,1,2,1,1,2,2,4,2,3,1,4,3,3,0,3,1,5,1,7,0,0,4,129,355,3,1,1,4,3,1,1,1,1,1,1,0,0,0,2,0,10,10,6,0,0,5,6,2,3,2,1,2,5,8,10,16,0,6,7,3,137,37,19,12,4,15,6,11,0,109,12,5,0,9,6,5,22,12,4,2,2,11,7,20,7,2,11,4,56,0,0,1,3,0,0,0,16,2,6,34,41,0,2,0,0,0,4,17,0,7,7,8,4,3,6
16BR012,0,0,140,29,34,94,1,70,3,23,0,13,0,0,0,16,79,31,1,0,58,9,102,0,13,91,351,116,116,0,0,16,85,35,22,15,23,13,158,25,19,68,1,0,0,1,0,1,11,26,35,384,126,159,35,0,33,71,48,0,0,0,48,46,124,160,3,0,5,486,38,4,91,5,1,12,0,3,0,8,0,0,1,1,51,2,37,0,3,0,1,22,3,3,262,148,426,0,7,3,419,0,3,357,4,26,0,0,8,202,102,105,2,1,10,0,79,289,7,246,0,83,219,83,1,3,113,440,0,157,1,0,13,1,10,26,0,18,0,0,107,29,36,24,17,272,0,0,0,1,0,1,0,0,0,0,0,0,0,0,1,0,0,0,0,0,1,0,0,1,0,0,0,0,0,0,0,0,0,0,0,0,1,0,0,0,0,0,0,1,0,0,0,1,0,0,0,0,1,0,1,2,0,3,2,1,15,1,1,3,3,3,3,0,1,3,4,2,1,1,3,1,2,1,4,6,2,0,0,2,1,1,0,6,0,1,2,5,0,5,2,6,5,5,0,0,5,157,219,5,0,0,0,5,1,7,3,0,2,1,0,0,0,2,0,0,3,1,0,1,1,0,0,3,1,0,0,1,5,6,4,0,0,5,1,6,7,6,2,7,3,10,5,0,2,0,4,1,2,2,0,7,2,0,0,0,8,2,1,1,4,5,7,14,0,0,0,0,0,0,0,3,1,0,16,22,0,0,0,0,0,0,4,0,3,6,4,5,3,2
03BR005,0,0,154,224,4,49,1,81,2,37,8,64,0,0,0,30,200,34,80,0,112,24,147,0,5,160,429,182,111,1,0,20,176,105,33,1,0,15,325,52,10,181,0,0,1,10,1,0,9,17,38,120,50,82,31,0,0,121,83,96,0,0,79,154,108,66,7,2,6,728,65,0,61,9,16,11,34,4,0,7,0,0,13,0,209,21,115,0,41,0,11,52,6,1,404,197,721,0,13,4,19,0,1,713,7,13,2,0,14,283,226,197,1,1,21,0,246,996,65,223,0,176,108,25,2,3,99,161,0,237,5,0,14,6,37,35,2,33,0,1,137,105,48,40,9,263,0,0,0,0,0,0,0,0,0,0,0,0,0,1,0,0,0,0,0,0,0,2,0,0,2,0,0,0,0,0,1,0,1,1,0,1,0,0,0,0,0,1,1,1,0,0,0,0,1,0,0,0,0,0,0,0,4,3,0,2,6,3,7,2,1,14,6,1,5,0,1,4,3,0,0,3,3,2,2,3,3,0,0,0,1,4,2,5,0,0,2,0,0,1,0,17,1,4,0,0,1,107,262,4,1,1,1,2,1,2,0,0,2,0,0,0,1,3,0,1,2,0,0,0,1,1,0,0,0,0,0,1,5,3,11,0,1,0,1,3,9,2,1,1,3,4,7,0,2,0,1,1,5,3,2,8,0,0,0,0,14,2,2,1,0,5,4,21,0,0,0,1,0,0,0,2,2,1,13,30,0,0,0,0,0,0,2,0,1,6,13,1,0,7
05BR026,0,0,346,276,93,131,2,118,66,4,0,338,0,0,0,26,111,67,1,0,86,74,215,0,5,197,697,463,275,0,0,3,482,98,59,2,82,6,346,36,31,188,0,0,1,8,0,0,19,59,933,6,55,125,204,0,94,173,168,1,2,0,117,81,78,139,11,0,9,1394,43,6,6496,11,109,18,13,5,0,8,8,0,33,2,79,3,104,0,4,0,2,177,1,11,389,210,768,0,14,5,100,0,1,531,4,3,2,0,22,578,200,814,0,3,34,0,389,1552,17,430,0,142,340,51,8,2,206,313,0,174,6,0,27,0,38,141,0,8,0,1,197,74,49,144,4,675,1,0,0,0,0,0,0,0,2,2,3,0,1,2,0,0,0,0,1,0,0,2,0,0,1,1,0,0,1,2,1,4,0,0,1,2,1,0,0,0,0,0,0,1,0,0,0,0,0,0,1,0,0,0,1,0,9,6,1,6,22,9,11,11,10,5,10,6,16,4,5,9,7,9,1,2,10,1,3,13,11,1,0,4,4,3,1,8,0,1,4,4,0,7,10,6,10,13,0,0,9,371,590,9,3,2,11,4,6,12,1,0,1,4,0,0,1,7,2,5,8,3,2,4,8,1,1,5,3,0,0,5,18,12,40,0,0,17,2,22,22,27,9,9,9,5,31,1,14,2,5,0,5,7,0,14,4,0,0,0,28,5,1,12,2,13,17,16,0,0,0,0,0,0,0,12,2,0,27,41,0,0,0,1,0,0,9,0,2,16,12,4,6,6
11BR056,4,2,3322,115,8324,7803,1,741,30,933,27,962,0,3,1,64,699,86,7,0,789,140,24297,1,89,2350,10073,1620,987,1,1,987,1861,1713,235,647,1129,130,2984,335,711,2803,13,0,0,192,3,4,51,187,1163,2767,333,4462,1512,0,3209,729,1283,1974,1,0,2479,2733,566,560,54,0,153,3142,380,89,4282,270,131,221,311,20,0,121,1,4,14,11,1964,20,1958,3,734,1,12,3935,29,17,3606,3084,5097,13,50,31,200,0,20,16679,64,13,9,0,29,3574,5740,350,2,11,375,0,4399,4073,1083,2288,1,1942,2276,6866,0,11,5313,2284,1,23287,46,0,88,0,30,2276,13,158,32,4,2289,174,284,1713,51,957,2,4,3,0,2,1,1,1,0,1,0,1,1,0,0,0,0,0,2,1,0,4,2,0,0,2,1,1,1,1,0,2,1,1,1,1,0,4,2,0,0,3,0,4,0,0,0,1,0,0,1,1,5,0,1,3,8,15,8,15,20,33,8,14,13,9,8,0,19,17,15,13,6,8,4,4,8,4,9,14,17,4,0,1,1,6,6,22,1,8,9,2,0,8,16,13,4,9,0,0,17,322,980,6,1,3,6,8,4,12,8,0,5,1,1,1,5,7,1,3,14,0,1,12,6,0,1,11,16,0,1,11,31,21,36,0,5,8,0,33,36,44,18,10,11,8,39,0,17,16,11,0,10,1,3,19,4,2,0,0,12,11,3,9,2,17,25,40,0,0,0,0,0,0,0,10,10,5,32,103,0,1,2,0,0,5,13,1,11,21,33,10,15,7
11BR003,45,2,13081,3490,2441,5236,61,1651,50,392,3,2004,0,1,1,244,4644,1047,34,0,3658,222,4919,1,261,3613,6240,2781,5011,1,1,399,2073,587,656,170,275,399,2158,368,170,3097,12,11,3,133,13,13,98,208,602,3013,2615,3664,187,2,739,2701,1119,1543,1,0,824,2583,287,2024,75,0,290,16401,446,33,433,99,205,104,595,54,4,243,7,331,24,11,307,30,1323,10,118,73,41,1274,25,617,13266,4025,18048,22,250,77,567,5,82,16772,333,736,591,0,842,9559,3558,4412,8,14,32,2,3269,14185,293,3955,5,913,11782,2268,10,73,19022,21630,1,10328,727,1,125,57,22,1885,36,1485,32,1,4254,273,442,5083,228,2206,3,2,1,2,4,1,2,3,6,1,4,2,2,2,1,0,0,1,1,3,1,9,0,2,1,0,0,3,0,4,1,3,0,1,0,3,0,5,4,2,1,1,0,1,0,3,0,1,1,1,0,0,3,0,2,3,8,24,11,41,41,25,60,53,32,20,23,5,131,22,20,23,8,13,12,10,37,7,10,52,26,5,12,15,15,28,9,68,6,17,14,15,1,29,25,49,18,25,1,0,33,843,2149,8,4,9,15,12,12,19,9,3,3,4,1,1,1,9,3,35,65,0,4,11,22,6,30,19,8,6,0,28,59,37,100,0,8,25,10,142,88,112,57,0,55,5,54,3,28,6,46,2,28,21,5,45,19,1,0,1,47,3,7,25,2,84,77,209,0,0,1,5,2,1,0,72,33,5,154,262,1,1,4,1,2,12,59,0,54,48,48,18,21,32
11BR072,0,0,181,102,54,209,0,75,4,69,19,33,0,0,0,20,104,43,6,0,139,73,358,0,4,151,590,303,141,0,0,21,149,139,31,12,63,10,434,92,56,259,0,0,0,5,0,2,7,15,79,326,71,148,32,0,52,228,101,76,0,0,91,206,174,145,6,0,18,537,53,9,118,12,3,45,0,8,0,8,0,19,4,3,255,12,206,0,6,0,8,79,6,4,461,265,1219,1,17,7,53,3,1,917,1,32,2,0,30,248,241,109,0,1,49,0,306,966,83,406,0,153,147,119,5,19,196,299,0,90,34,0,9,9,0,115,0,72,3,2,188,66,125,218,13,485,0,2,0,0,0,0,1,0,0,1,1,1,0,0,0,0,1,0,0,0,0,1,0,1,4,0,0,1,0,0,0,2,1,0,0,0,0,0,0,0,0,0,0,1,1,0,0,0,1,0,0,0,0,0,0,1,0,4,4,6,4,5,11,1,6,6,5,1,9,2,4,6,2,0,3,2,7,1,0,5,7,1,3,2,0,3,0,23,1,3,2,4,0,3,7,4,1,8,0,0,8,197,550,6,0,5,5,4,2,3,1,1,0,1,0,1,0,8,1,0,6,0,0,6,5,0,1,1,4,0,0,4,25,3,32,0,4,4,2,18,27,28,7,4,3,4,11,0,13,4,1,0,8,2,2,3,4,0,0,0,16,7,0,3,0,11,6,25,0,0,1,1,0,2,0,3,1,0,20,55,0,0,0,0,1,3,8,0,7,4,11,2,7,8
11BR054,0,0,5,4,2,0,0,0,1,0,0,0,0,0,0,3,0,0,1,0,2,0,1,0,116,0,25,10,3,0,1,0,1,1,1,1,0,0,4,6,3,21,0,0,0,0,0,0,0,0,2,3,0,13,2,0,6,1,1,1,12,0,8,13,3,3,0,0,1,45,0,0,6,1,4,1,0,0,0,0,0,0,0,1,5,0,3,0,0,0,1,1,0,1,20,8,33,0,4,1,1,0,1,37,0,0,0,0,1,8,41,20,1,0,2,0,21,595,2,25,0,10,8,4,0,0,5,6,0,5,0,0,1,0,0,2,0,0,1,4,7,0,30,8,0,133,0,1,0,0,0,0,2,0,0,1,0,0,0,0,0,0,0,0,0,1,0,1,0,0,0,2,0,0,0,0,0,0,0,0,0,0,0,0,0,0,0,0,0,0,0,0,1,0,0,0,0,0,0,0,0,0,0,0,0,4,5,1,5,3,0,1,6,1,8,3,1,1,1,1,1,0,0,0,1,0,0,0,0,0,1,1,2,4,0,1,0,0,0,0,3,3,0,3,0,0,3,39,108,3,0,0,0,3,0,3,1,0,0,1,0,0,1,0,0,1,0,0,0,1,1,0,1,0,0,0,0,3,15,3,3,0,1,2,1,1,1,3,1,2,0,0,2,2,6,1,1,0,0,1,0,2,2,0,0,0,3,10,0,2,0,0,1,2,0,0,0,0,0,0,0,1,1,0,4,14,0,0,0,0,0,0,0,0,2,5,1,5,2,3
14BR005,0,0,21,0,15,38,0,12,2,10,0,11,0,0,0,6,18,3,0,0,8,3,43,0,0,9,46,41,9,0,0,10,28,41,2,7,8,2,93,7,11,40,0,0,0,1,0,0,0,0,3,67,33,409,1,1,12,45,11,15,1,0,20,10,25,11,0,0,0,77,9,0,13,4,1,3,1,0,0,1,2,3,0,0,15,2,67,0,2,0,2,9,0,14,58,17,157,1,2,0,0,0,0,82,0,1,0,0,1,19,27,17,0,1,13,0,25,95,727,49,0,38,97,17,0,1,31,54,0,12,0,0,5,0,0,56,0,4,0,0,1,8,2,7,0,199,0,1,0,0,0,0,0,0,0,0,1,0,1,0,0,0,0,0,2,0,0,1,0,0,9,0,0,0,0,0,0,0,0,0,0,0,0,0,0,0,0,0,0,0,0,0,0,0,0,0,0,0,1,0,0,0,1,1,0,1,3,2,3,0,2,2,2,0,3,2,0,1,1,2,2,1,0,0,3,2,2,1,0,0,0,0,1,6,0,0,2,3,0,1,1,0,2,5,0,0,4,41,129,3,0,1,1,1,2,0,0,0,0,0,0,0,1,0,0,0,2,0,0,2,0,0,0,0,1,0,0,0,1,8,8,0,0,1,1,7,5,2,3,0,0,0,6,0,5,0,0,0,3,0,0,5,3,0,0,0,7,3,0,0,1,4,3,5,0,0,0,1,0,0,0,0,4,0,2,3,0,0,0,0,1,0,1,0,3,4,4,7,1,3
05BR042,2,0,1093,1088,229,826,2,860,25,327,3,90,0,1,2,49,1254,125,9,0,481,112,424,1,182,1397,4517,1690,1184,1,0,32,736,728,475,90,231,126,661,32,204,519,6,0,0,114,4,1,18,389,558,1997,926,476,44,0,285,692,180,622,1,0,347,131,256,546,228,0,276,5602,161,62,301,78,8,23,14,195,1,641,0,6,25,15,124,153,147,9,35,1,366,492,68,88,2935,1142,2616,3,231,158,381,0,15,3538,21,42,14,0,100,2714,1764,489,6,12,10,0,1054,1574,15,2586,0,472,3477,824,5,5,2674,1666,0,1402,293,0,616,1,71,521,16,147,4,2,1620,262,127,454,698,581,6,1,0,3,2,0,0,6,1,0,1,3,1,0,1,1,0,3,0,0,0,4,2,0,4,3,1,0,2,1,0,0,1,0,1,1,0,0,3,0,3,0,0,4,0,1,1,0,0,0,1,0,2,0,1,0,1,5,2,19,7,16,28,6,9,3,8,3,19,2,2,5,1,6,2,2,17,5,0,8,3,3,2,2,2,10,2,10,1,2,3,4,0,0,3,16,9,14,0,0,10,402,732,7,2,7,6,13,9,17,16,2,1,4,2,1,3,11,0,0,4,2,2,7,9,2,5,8,8,1,2,16,49,20,52,5,9,8,2,28,22,23,20,8,2,22,40,3,20,2,11,2,10,13,4,38,13,1,1,4,43,16,7,8,1,25,3,112,0,0,0,8,2,2,1,6,6,0,20,39,1,0,1,0,1,4,6,0,6,7,7,6,7,8
11BR017,57,0,3459,663,2408,11066,2,538,13,1387,134,2468,6,0,10,7337,4593,595,82,2,4545,678,1194,4,28,5524,31189,30153,1324,0,0,3,23339,5936,582,3,1131,401,17584,26,1042,33009,2,0,0,339,5,6,635,2273,570,11,20401,1385,1565,14,1023,25250,197,3,3,0,5886,1477,500,3214,15,4,116,12111,11444,10,1466,272,68,11,35,14,1,81,3,6,3,5,2610,435,2348,0,15,0,317,1179,11,43,11086,13591,20000,2,87,70,60,3,28,12030,59,40,46,0,1520,15164,14845,6046,618,31,128,2,18230,48600,145,64440,0,1982,10026,151,77,3,8161,12578,9,681,119,0,20779,40,151,20866,44,175,15,2,5502,1028,4849,7678,226,773,0,0,0,0,2,1,0,0,0,0,1,0,0,1,0,0,0,0,1,0,0,2,0,1,0,0,0,0,0,2,0,0,1,0,0,0,0,0,0,0,0,0,0,2,0,0,1,0,0,0,0,0,1,0,1,2,3,2,5,9,15,13,15,7,4,2,6,0,18,11,7,10,11,4,3,7,3,3,7,8,15,1,1,3,4,12,6,14,0,5,3,3,0,6,13,12,20,6,0,0,33,423,1183,9,1,8,5,5,7,11,5,2,11,7,2,1,2,5,0,1,2,2,0,13,6,0,4,8,2,0,0,10,8,11,42,0,2,1,1,18,17,27,13,7,9,50,21,0,3,3,8,0,2,15,0,10,24,0,0,0,27,17,2,6,0,32,24,25,0,0,0,0,0,0,0,5,0,1,10,50,0,0,0,0,0,3,7,0,5,11,16,5,3,4
14BR014,0,0,628,319,133,545,14,448,41,488,98,799,0,3,1,253,825,160,124,0,171,21,641,0,42,1586,1381,1686,1093,1,1,107,160,237,690,6,583,202,1451,153,48,248,6,0,0,12,4,0,23,440,109,651,11,399,169,1,929,527,330,209,1,0,746,351,330,432,16,0,137,3628,297,28,1123,92,5,1403,1,5,0,77,2,9,20,15,669,25,844,0,26,0,15,124,37,130,2139,1187,6958,8,246,36,98,1,8,5977,31,126,16,0,9,1525,418,521,3,3,67,0,466,1522,67,1253,0,340,1060,949,1,1,1051,2246,3,617,58,0,72,0,1,219,22,73,1,2,107,146,82,142,273,193,0,0,0,1,0,0,0,0,1,0,0,0,0,0,0,0,0,0,1,0,0,0,0,0,0,0,0,0,0,0,0,0,0,0,0,1,0,0,0,0,0,0,0,0,0,0,0,0,0,0,0,0,0,1,1,0,1,1,0,5,4,3,2,1,2,2,3,1,7,2,0,1,3,2,0,2,0,1,0,4,8,0,0,1,0,2,1,3,0,0,1,1,0,1,3,2,3,1,0,0,3,145,151,2,1,0,2,8,3,4,0,1,0,1,0,0,0,0,0,0,3,0,0,0,1,0,0,1,0,0,0,0,2,1,9,0,0,1,2,4,1,10,2,4,5,5,2,0,0,0,3,0,4,5,0,2,1,0,0,1,19,4,0,1,0,14,1,7,0,0,0,1,0,0,0,2,1,0,28,26,0,0,0,0,0,1,3,0,7,4,0,0,2,4
11BR059,0,0,3200,777,198,327,3,2582,22,17,0,1384,1,2,2,525,498,368,0,0,379,109,583,1,48,1115,4049,1849,4317,2,0,57,345,345,199,25,2,89,2543,1206,208,383,1,0,0,18,2,2,56,232,605,4078,8,1063,165,0,1,842,304,555,3,0,263,1159,1904,700,35,0,45,1678,241,37,464,23,105,63,3,20,0,39,2,1,19,6,339,17,302,3,50,0,14,58,30,79,6051,4824,4010,1,143,41,97,2,8,4526,30,117,28,1,238,4784,1213,2568,2,2,356,0,2620,1901,122,1446,6,311,826,109,8,5,1874,2652,1,798,102,0,23,7,50,629,8,195,13,1,1604,805,11057,637,64,495,1,0,0,0,0,0,2,0,1,0,0,1,1,1,0,1,0,0,0,0,0,1,0,0,0,1,0,1,0,0,2,1,0,0,1,0,0,1,0,0,0,0,0,0,0,0,3,0,0,1,0,0,1,0,1,0,0,7,1,1,11,11,17,2,3,1,8,6,14,7,3,5,8,4,4,1,6,0,5,6,2,2,3,1,1,5,1,13,0,0,7,3,0,3,10,9,10,5,0,0,5,204,496,5,0,2,3,2,4,4,2,0,1,2,3,0,2,1,4,0,4,1,1,2,2,0,5,7,1,0,0,5,17,7,17,0,3,2,1,17,19,17,19,5,6,3,12,0,11,0,4,0,2,0,2,7,9,0,0,1,24,12,3,6,0,5,2,54,0,0,0,3,0,0,0,27,2,1,25,72,0,0,0,0,0,3,5,0,10,15,14,13,5,5
11BR050,3,0,215,305,86,495,11,238,16,56,86,57,1,2,0,36,531,87,8,0,326,129,670,2,618,579,1436,685,191,0,0,88,400,71,156,35,165,156,816,135,41,317,8,0,0,33,1,1,12,46,3847,1037,186,538,179,5,107,500,273,261,0,0,288,383,362,494,34,0,46,2096,277,150,623,37,240,22,77,30,0,77,4,6,14,6,426,29,337,0,31,0,23,186,6,46,1054,1269,1391,3,22,32,159,2,4,3099,12,103,16,0,89,594,694,1434,1,7,10,0,443,1757,61,9095,1,522,731,692,3,6,312,930,2,472,121,0,263,2,2,411,9,113,3,2,622,122,199,400,67,523,0,0,0,0,0,0,0,0,0,0,0,0,0,0,0,0,0,0,0,0,0,0,0,0,1,0,1,0,0,0,0,0,0,0,0,0,0,0,0,0,0,0,1,0,0,0,0,0,0,0,0,0,0,0,0,0,3,13,2,8,17,3,11,6,3,3,16,0,10,4,2,7,1,2,1,3,0,0,7,7,6,0,2,3,0,5,3,8,5,7,6,2,0,3,9,10,7,4,0,0,15,192,2059,2,0,0,2,0,1,4,6,3,9,19,3,1,0,4,3,9,2,0,0,18,1,0,2,2,11,0,0,3,13,12,26,0,2,9,0,10,23,12,6,37,4,16,15,0,5,0,2,1,8,4,0,2,5,0,0,0,34,3,2,3,0,19,12,41,0,0,0,1,0,0,2,3,1,4,70,46,0,0,0,0,0,0,22,0,3,11,16,14,9,11
05BR005,0,0,4,8,40,9,0,15,4,1,0,2,0,0,0,7,9,0,0,0,2,8,66,0,2,22,80,52,11,0,0,3,18,21,5,0,95,3,24,20,24,143,0,0,0,7,0,0,1,6,7,36,7,15,1,0,4,17,10,0,11,0,2,7,24,11,6,0,11,75,13,5,50,1,1,6,2,2,0,22,0,1,0,1,9,5,8,1,1,0,11,6,6,1,36,20,81,0,5,3,14,0,0,92,0,0,1,0,0,40,23,12,1,0,10,0,30,81,11,22,0,14,16,31,0,0,24,37,0,2,1,0,0,0,0,5,0,5,0,0,14,7,3,13,0,187,0,0,0,0,0,0,0,0,0,0,0,0,0,0,0,0,0,0,0,0,0,0,0,0,1,0,0,0,0,0,0,0,0,0,0,0,0,0,0,0,0,0,0,0,0,0,0,0,1,0,0,0,0,0,0,0,0,0,0,0,1,0,1,3,2,0,1,0,3,0,0,0,0,0,0,0,1,0,0,0,0,3,0,0,0,1,0,0,0,0,0,0,0,0,0,0,0,0,0,0,1,38,55,0,0,0,0,0,0,0,0,0,0,0,0,0,0,0,0,3,0,0,0,0,0,0,0,2,0,0,0,1,2,0,5,0,1,0,0,1,1,0,0,1,0,0,2,1,0,0,3,0,1,0,0,0,0,0,0,0,5,3,0,0,1,2,2,7,0,0,0,0,0,0,0,0,0,0,1,2,0,0,0,1,0,0,1,0,3,2,4,3,0,0
18BR016,0,0,19,3,8,24,0,5,0,3,2,7,0,0,0,80,6,9,2,0,1,2,21,1,0,13,30,24,7,0,0,0,5,27,4,2,2,5,22,1,2,10,0,0,0,0,0,0,0,7,7,6,6,28,3,0,15,75,11,0,0,0,6,7,16,9,1,0,0,69,2,0,8,4,2,0,1,0,0,4,0,0,2,1,5,1,5,0,0,0,4,1,0,0,154,72,61,0,6,4,2,1,0,82,0,1,1,0,0,19,14,33,2,0,0,0,14,29,1,19,0,8,13,11,0,0,14,5,0,15,0,0,1,0,0,10,0,0,0,1,4,5,10,3,0,251,1,1,1,1,1,0,0,0,0,0,1,1,0,0,1,0,0,0,1,0,1,0,0,0,12,0,0,1,0,0,0,1,0,0,0,0,0,0,0,0,1,0,0,0,0,0,0,0,0,0,0,0,0,0,0,0,2,2,0,4,1,3,1,0,1,0,1,3,5,0,1,3,0,0,0,0,1,0,2,1,2,1,0,0,1,1,1,2,0,0,1,0,0,1,0,0,1,4,0,0,2,42,80,1,0,0,0,0,1,3,1,1,0,0,1,0,1,0,0,0,2,0,0,0,2,0,1,1,1,0,0,1,2,0,2,0,0,2,0,5,3,0,1,0,0,0,1,0,1,0,1,0,1,1,0,2,1,0,0,0,6,3,0,2,0,3,4,9,0,0,0,2,0,0,0,3,1,0,4,16,0,0,0,0,0,1,2,0,1,7,1,0,2,1
11BR015,0,0,11,18,1,14,1,11,0,2,0,12,0,0,0,8,11,5,0,0,11,7,37,1,1,18,45,2,18,0,0,1,36,8,1,2,3,4,46,25,3,117,1,0,0,2,0,0,0,0,29,19,9,26,1,0,12,17,9,17,0,0,5,26,14,44,0,0,1,65,7,1,15,2,0,4,0,0,0,2,0,0,5,1,19,0,18,0,3,0,0,5,3,0,73,36,79,0,3,3,1,0,8,289,1,15,0,0,2,31,41,12,0,1,17,0,33,105,3,40,0,30,16,11,0,0,13,33,0,10,10,0,1,0,2,2,4,3,0,0,7,8,12,11,8,126,0,0,0,0,0,0,0,0,0,0,1,0,0,0,0,0,0,0,0,0,0,0,0,0,2,0,1,0,0,0,0,0,0,0,0,0,0,0,0,0,0,0,0,2,0,0,0,0,0,0,0,0,1,0,0,0,0,1,1,0,9,0,3,0,1,1,1,1,1,0,1,0,1,0,0,0,1,0,0,2,0,2,1,0,0,4,0,1,0,4,3,1,0,1,1,1,3,2,0,0,3,55,82,0,1,1,0,1,0,2,0,0,0,0,0,0,0,0,0,0,0,0,0,0,1,0,0,0,1,0,0,0,2,0,7,0,1,2,2,2,6,8,0,0,0,2,4,0,1,0,1,0,0,1,0,2,2,0,0,0,7,0,0,0,0,1,0,2,0,0,0,0,0,0,0,0,0,1,3,9,0,0,0,0,0,2,1,0,0,2,1,0,1,0
01BR042,0,0,2303,833,533,42,0,703,1,206,1245,628,0,0,1,5,981,38,9,0,96,26,525,0,31,120,3450,597,396,0,0,91,149,19,57,9,0,14,2099,7,14,265,1,0,0,12,0,1,4,14,86,82,50,805,341,0,0,1158,253,186,0,0,250,597,29,1564,534,1,114,14973,42,26,457,71,30,84,17,652,0,288,2,328,31,2,33,33,79,1,11,2,58,31,28,12,738,1599,3576,2,68,242,423,1,4,1426,1,4,5,0,2,1404,9416,960,0,103,2,0,948,879,43,136,0,21,1184,162,3,1,1985,1190,0,3675,29,0,0,1,31,114,7,48,17,0,3478,10,417,1922,68,541,0,0,0,1,0,0,0,0,1,0,0,1,0,0,0,0,0,1,0,0,1,0,0,1,0,0,0,0,1,1,0,1,0,0,0,0,0,0,0,0,0,0,0,2,1,0,0,1,0,0,0,0,0,0,0,0,2,0,2,3,10,9,11,7,5,2,12,3,12,4,3,7,14,4,5,1,1,0,3,4,1,0,0,4,9,9,1,13,0,2,0,2,0,1,3,4,4,6,0,0,3,327,597,7,2,0,4,2,2,5,2,0,2,3,0,0,3,0,2,6,4,0,4,17,12,0,3,3,4,0,0,6,11,11,27,0,1,3,1,13,6,8,4,1,6,7,19,0,16,4,4,1,5,2,1,12,11,1,0,0,3,8,2,10,0,21,19,99,0,0,0,2,0,1,1,13,3,0,9,27,0,0,2,0,0,3,5,0,1,14,17,27,2,6
11BR016,6,0,1531,501,2272,557,3,197,2,809,0,1015,0,1,0,43,1227,0,3,0,764,87,572,0,67,685,8967,20488,1495,1,1,3,1136,455,322,46,225,482,1731,238,199,565,5,1,0,28,1,1,60,865,122,2,233,433,432,1,191,1418,302,465,1,0,802,2380,673,582,51,0,44,1877,230,145,41541,13,9,74,9,102,0,69,5,4,22,6,306,29,2110,1,13,9,13,101,39,54,4752,958,5096,22,54,20,85,0,16,4154,103,90,9,1,143,3742,295,626,2,3,168,1,2464,3029,86,1031,2,139,1033,1305,5,4,5251,2583,1,2675,59,0,54,46,141,290,10,67,2,0,901,95,169,185,26,769,2,1,0,0,0,0,1,1,1,0,1,0,0,1,0,0,0,1,1,0,0,2,0,0,0,0,1,0,1,0,0,1,0,0,0,1,0,0,0,0,1,1,1,1,1,0,0,2,0,0,0,0,1,0,1,1,3,7,3,8,23,10,28,8,17,7,13,5,4,5,5,12,8,6,6,3,14,12,3,17,7,3,1,4,14,10,3,8,0,6,6,7,0,7,10,6,12,12,0,0,29,461,801,6,0,1,5,4,4,6,4,2,3,4,2,1,0,4,0,1,7,1,0,13,8,1,6,5,5,0,0,12,37,17,36,0,4,5,6,15,10,26,14,7,4,38,13,0,13,5,8,0,15,12,2,15,7,1,0,0,57,11,4,2,2,15,9,59,0,0,0,2,0,2,0,20,14,5,44,50,0,0,0,0,1,3,25,0,7,14,17,9,3,16
03BR010,0,0,50,115,23,50,0,13,3,3,0,3,0,0,0,4,122,14,0,0,28,9,15,0,26,61,163,521,32,1,0,11,30,7,18,5,0,7,98,25,7,46,1,0,0,0,0,0,1,14,15,61,8,85,9,0,0,10,39,11,0,0,24,25,28,22,4,0,3,131,50,21,20,10,1,3,0,2,0,1,0,0,2,1,36,0,49,0,0,0,0,7,1,9,230,49,235,0,1,0,19,0,0,2195,0,30,3,1,17,101,58,21,0,1,0,0,100,239,7,59,0,128,56,34,0,1,42,41,0,42,7,0,1,0,3,83,0,9,0,0,15,27,31,55,1,142,0,0,2,0,0,0,0,0,0,0,0,1,0,0,0,0,0,0,0,0,0,0,0,0,1,0,0,0,0,0,0,0,0,1,0,0,0,0,0,1,0,0,0,0,0,0,0,0,0,0,0,0,0,0,0,0,0,0,2,1,4,1,2,0,2,3,2,2,5,2,3,1,0,0,3,3,1,1,2,2,2,0,0,1,0,2,1,2,0,0,3,0,0,0,3,4,2,2,0,0,1,53,110,1,0,1,1,1,0,2,1,0,1,0,0,0,0,0,0,0,1,2,0,0,0,0,0,0,0,1,0,1,5,1,5,0,1,0,1,5,13,3,1,0,0,5,5,0,0,0,2,0,0,2,0,1,0,0,0,0,35,10,0,0,0,3,6,5,0,0,0,0,0,0,0,0,1,0,3,2,0,0,0,0,0,0,1,0,4,2,2,0,0,1
01BR033,5,0,741,570,598,35,0,519,97,314,10,820,1,0,0,307,1364,79,45,1,208,166,264,0,92,1062,520,1131,387,0,0,20,545,108,31,20,0,33,706,28,8,254,0,0,0,11,1,1,43,69,192,298,4,1818,735,2,5,983,75,198,0,0,155,265,305,683,46,0,31,5938,83,70,841,12,38,32,0,35,0,37,1,21,34,6,19,16,66,0,2,0,17,264,6,7,2137,668,5062,2,47,32,401,2,10,3718,6,92,384,0,3,4098,701,1060,3,6,2,0,481,1658,28,553,7,130,34802,943,5,12,3071,1570,0,1252,16,0,195,9,8,69,71,712,12,1,2248,70,74,108,25,538,1,0,0,1,0,0,0,0,1,1,0,0,0,0,1,0,0,0,0,0,0,1,0,1,1,0,0,0,0,0,0,0,0,1,0,1,0,0,0,0,0,0,0,3,0,0,0,0,0,0,0,0,0,1,2,0,0,1,4,7,15,13,16,2,11,7,5,2,4,4,4,5,2,5,1,6,9,2,3,8,6,0,0,1,1,4,2,13,0,8,1,11,0,0,6,11,3,6,0,0,6,201,448,5,0,2,2,3,9,5,1,0,0,2,0,1,0,4,1,3,3,0,0,0,1,1,3,4,0,0,0,8,32,6,14,0,3,3,1,3,12,15,19,3,4,5,22,0,2,3,16,0,15,2,0,9,3,1,0,0,4,2,3,5,1,12,13,18,0,0,0,0,0,0,0,6,0,3,33,36,0,0,0,0,0,1,8,0,9,3,4,0,4,9
11BR030,2,0,3905,397,107,1295,81,1509,29,242,0,1038,20,2,0,149,1549,308,2,0,545,211,1385,0,31,1978,2508,3152,530,2,4,189,981,656,244,171,280,145,1757,78,166,903,7,1,0,22,2,1,54,110,562,1827,785,3146,131,2,1322,2027,1164,416,2,0,521,424,971,989,17,1,137,5903,211,54,674,41,17,75,4,21,1,93,1,19,2396,2,461,39,526,0,66,0,19,203,13,185,5669,1173,6813,14,174,24,145,1,14,7263,154,40,55,1,106,2341,1793,2399,4,1,262,0,1003,2454,211,4392,5,437,22573,420,0,102,2544,831,0,4903,158,0,114,10,24,631,39,167,4,3,1228,431,763,452,173,2965,7,8,1,2,4,3,2,0,5,2,7,5,2,6,3,2,0,2,4,1,1,13,0,1,0,3,3,0,2,3,1,1,5,2,0,4,1,6,2,0,1,0,3,7,0,0,0,4,2,1,2,0,1,0,5,7,21,29,14,50,81,34,106,45,51,32,40,2,78,28,13,61,26,10,13,15,67,5,6,37,39,8,7,12,79,37,11,99,3,13,42,24,1,31,45,59,48,42,1,0,56,952,3008,25,8,12,26,19,18,29,9,4,4,7,2,1,10,20,6,22,32,6,17,24,66,3,25,14,49,0,0,13,94,106,195,0,9,35,9,166,93,164,42,21,44,59,101,0,33,9,23,0,26,21,2,55,42,0,1,3,85,48,14,24,3,106,54,158,0,0,2,7,3,5,1,85,9,1,139,389,2,4,0,0,4,9,64,2,48,22,19,13,30,45
11BR028,0,0,56,129,17,21,0,27,4,9,5,22,0,0,0,6,53,14,11,0,25,12,92,0,1,85,190,79,67,0,0,11,27,3,15,2,0,6,107,20,5,57,0,0,0,1,0,1,6,20,10,67,26,42,22,0,0,69,18,13,0,0,51,31,49,28,1,0,4,201,26,5,84,4,3,11,1,1,0,1,0,2,0,0,49,0,39,0,4,0,0,11,1,2,208,81,353,1,2,1,18,0,0,335,1,24,2,0,5,67,103,56,0,1,40,0,117,212,14,120,0,51,73,72,0,0,62,46,0,46,4,0,7,1,38,20,0,7,2,1,32,25,33,14,5,184,0,0,0,2,0,0,1,0,0,0,0,1,0,0,1,0,0,0,0,0,1,0,0,1,0,0,0,0,1,0,0,1,0,0,0,0,1,1,0,0,0,0,2,0,0,0,0,0,0,0,0,0,0,0,0,1,0,2,0,4,5,5,8,3,1,2,4,0,6,0,1,4,0,3,1,3,1,1,1,3,0,2,0,1,2,4,3,2,0,1,1,1,0,2,1,2,1,9,0,0,1,101,157,0,0,0,3,3,0,3,0,1,0,0,2,0,1,0,1,2,0,0,0,2,1,0,0,0,0,0,0,1,4,4,11,0,0,1,2,3,6,6,1,1,2,2,4,0,3,0,1,0,0,1,0,1,1,0,0,0,3,1,0,1,1,13,2,11,0,0,0,2,0,0,0,2,1,1,7,15,0,0,0,0,0,2,6,0,3,4,5,2,6,3
05BR045,0,0,29,25,8,15,0,14,1,13,1,34,0,0,0,3,7,5,2,0,27,0,11,0,1,11,31,33,18,2,0,0,13,10,13,1,2,4,20,2,1,25,0,0,0,1,1,0,2,12,23,25,20,13,8,0,2,19,3,0,0,0,22,9,10,12,2,2,9,61,7,0,20,6,1,0,0,4,0,12,0,1,0,3,8,4,14,0,0,0,8,0,1,2,54,71,170,0,4,8,32,0,0,61,1,3,1,0,1,34,36,29,6,0,0,0,16,73,1,21,0,12,46,20,4,1,40,60,0,31,5,0,5,0,1,10,0,5,0,0,15,6,3,9,1,483,0,0,1,1,0,0,1,1,0,0,0,0,0,0,0,0,0,0,0,0,1,0,0,0,1,0,0,0,0,0,1,1,2,0,0,2,0,1,0,0,0,0,0,0,0,0,0,0,0,0,0,0,0,0,0,3,1,5,4,7,14,18,28,11,1,1,5,2,2,4,1,8,1,1,4,2,11,1,2,5,6,1,2,1,4,4,0,8,0,5,0,2,0,1,6,5,4,7,0,0,7,331,776,5,0,2,2,3,6,6,0,1,1,0,0,0,1,4,13,1,4,1,3,6,4,6,2,2,1,0,0,8,22,15,29,1,3,7,1,20,34,17,10,4,3,10,12,0,9,3,6,0,8,7,2,11,11,0,1,1,28,6,3,8,2,17,19,49,0,0,0,3,1,0,0,0,0,0,2,23,0,0,0,0,0,0,3,0,1,9,8,2,1,2
05BR004,0,0,168,161,45,32,2,59,7,3,0,70,0,0,0,40,104,57,7,0,89,14,89,0,14,142,258,220,69,0,0,17,47,58,22,11,1,12,360,42,12,57,0,0,0,12,1,0,2,43,36,161,51,103,18,0,0,110,41,0,0,0,57,44,56,56,72,0,71,512,75,16,168,23,19,18,2,62,1,138,1,0,1,4,94,49,93,2,18,0,143,16,39,16,366,197,805,1,32,45,141,0,0,566,70,24,2,0,17,205,146,97,1,0,16,0,222,391,10,267,1,72,370,16,3,4,121,193,3,140,53,0,31,0,1,69,7,52,0,0,211,47,5,24,3,432,0,0,0,1,1,0,0,0,0,0,1,2,0,0,0,0,2,0,0,1,1,1,0,0,7,1,0,0,0,0,0,1,0,2,0,0,1,1,0,0,1,1,1,3,0,0,0,0,2,0,0,0,1,0,1,1,0,4,3,1,8,6,13,5,11,4,2,3,7,0,1,5,3,6,0,0,1,1,2,11,5,0,2,1,1,3,4,3,0,0,4,3,0,3,3,20,13,9,0,0,3,265,432,5,2,3,10,14,3,10,0,0,0,0,1,0,1,4,1,1,6,0,0,3,4,3,1,17,4,0,0,1,12,8,15,0,3,4,0,7,8,22,14,2,0,6,19,0,2,0,6,1,8,0,2,5,2,0,0,1,19,15,0,7,0,10,4,11,0,0,0,0,1,0,0,3,1,0,17,24,0,0,0,0,1,2,12,0,4,8,9,2,2,3
05BR009,0,0,75,50,29,64,13,52,1,24,1,6,0,0,0,24,63,2,1,1,43,4,142,0,2,182,283,159,105,0,0,16,197,102,24,12,45,4,246,42,43,97,1,0,0,5,0,1,1,7,26,285,50,251,12,0,73,113,12,7,0,0,67,165,39,66,5,0,10,507,55,7,96,11,31,28,11,5,0,16,0,0,2,2,68,5,117,0,2,0,1,5,3,24,284,189,715,0,11,5,25,1,7,707,5,23,1,0,5,240,221,89,3,2,7,0,162,447,4,258,0,75,150,89,5,0,322,160,0,102,4,0,22,0,2,41,0,14,0,2,96,21,30,53,2,423,0,0,1,0,0,0,0,1,0,0,2,1,0,0,0,0,0,4,0,0,1,0,0,0,0,1,0,0,0,1,1,1,0,0,0,1,1,0,1,2,0,0,0,0,0,0,0,0,0,0,0,0,0,0,1,0,4,4,4,11,6,12,4,16,6,6,7,1,8,2,4,3,3,8,2,2,4,2,2,6,5,2,0,2,2,6,2,4,0,2,3,1,0,3,3,4,2,8,0,0,7,158,477,6,0,1,4,6,4,5,1,2,0,0,0,0,0,1,0,0,4,1,0,6,9,0,4,1,2,0,0,8,19,5,11,0,4,4,2,4,18,15,3,3,3,6,7,1,5,2,6,0,5,4,1,5,1,0,0,1,17,12,0,4,0,12,9,15,0,0,0,0,0,0,0,2,2,0,48,26,1,0,0,1,1,8,8,0,6,12,8,7,2,2
18BR009,3,0,1169,594,114,670,9,216,34,527,900,1528,0,0,0,184,253,6290,232,0,1213,340,1594,0,11,592,1258,1584,1079,4,0,19,1810,387,561,7,624,60,1016,98,129,692,3,1,0,13,3,0,6,8,549,450,309,482,196,0,148,428,789,245,0,0,292,281,272,483,19,0,35,2345,290,26,594,18,72,12,2,5,0,27,1,7,2,15,820,29,2067,0,16,2,25,1314,63,30,2060,6922,2096,10,34,44,88,2,13,2260,43,93,31,0,20,3432,1608,457,8,6,91,0,3545,3188,14,1099,0,360,1189,2020,20,8,1420,1582,4,692,141,0,53,4,0,207,0,150,1,4,1432,168,149,398,99,1898,7,1,1,4,2,0,3,3,4,4,2,2,2,2,0,3,0,2,2,2,0,8,2,2,0,1,2,1,1,5,3,0,3,1,0,1,0,2,4,0,1,0,0,3,0,0,2,3,0,0,1,0,4,1,1,0,10,9,10,22,50,48,42,27,42,14,31,0,36,23,14,26,26,26,12,19,12,9,11,23,13,8,4,17,10,39,10,28,1,15,24,16,0,10,36,34,31,36,0,0,35,935,1536,14,7,9,21,15,14,22,3,6,6,10,2,5,6,7,4,12,29,3,2,32,14,4,9,22,16,0,0,28,61,42,96,0,28,13,2,63,170,73,45,21,26,21,57,0,29,10,14,1,30,10,4,25,20,1,0,2,38,14,7,8,2,52,21,51,0,0,0,2,1,0,0,10,6,0,46,106,1,0,0,0,0,6,17,0,14,24,18,4,11,10
11BR031,2,0,393,206,520,268,3,108,76,70,1,72,0,0,0,944,754,80,5,0,265,437,1791,0,19,2238,765,1557,94,0,0,500,500,69,94,24,0,59,576,92,25,338,3,0,0,20,3,0,11,88,5119,1897,161,222,293,2,0,2807,73,927,3,0,245,598,105,223,33,0,32,1978,68,31,115,71,16,18,15,9,0,51,0,0,33,3,109,8,194,0,19,3,6,91,10,16,7266,1943,6332,2,36,54,76,2,5,1019,71,166,105,0,16,574,12080,670,2,5,94,0,243,1050,59,744,0,229,1132,133,1,7,801,800,1,1816,52,0,86,3,19,535,5,141,3,2,369,56,103,519,100,703,4,0,0,3,0,1,0,0,0,0,1,0,0,2,2,0,0,1,1,0,0,2,1,0,1,1,0,0,0,0,0,0,0,0,0,0,0,0,1,0,0,0,0,4,0,0,0,0,1,0,0,0,2,0,3,1,14,7,5,8,16,6,18,9,16,0,8,1,15,11,7,10,1,6,3,4,8,6,7,8,10,2,0,5,0,5,6,16,1,3,1,3,0,3,7,15,8,10,0,0,15,371,533,6,0,2,5,5,3,7,5,2,3,1,0,1,1,3,1,3,3,0,2,11,7,1,3,9,2,0,0,4,16,7,37,0,7,6,4,17,32,10,5,8,12,3,29,0,11,3,7,0,11,11,0,16,4,0,1,0,19,8,2,3,0,19,11,50,0,0,0,1,0,1,0,6,16,1,78,51,0,1,1,0,2,5,19,1,12,13,10,7,10,15
11BR049,1,1,2687,22,107,712,1,686,5,22,0,48,0,0,0,15,310,35,4,0,126,31,360,0,1772,3740,3289,964,82,0,0,455,1368,257,294,11,0,33,1591,68,194,665,3,0,0,38,1,1,12,90,45,300,3,936,113,1,1,847,93,1632,0,0,230,92,324,183,471,1,787,2957,1042,13,658,96,46,16,1136,312,0,1274,0,6,10,18,23,69,1796,0,6,1,140,897,547,3,1503,1136,1769,0,400,173,320,0,2,5864,121,68,552,0,8,488,522,387,0,8,47,0,345,726,11,872,0,55,187,88,3,3,232,561,0,492,187,0,6,2,74,143,4,406,0,0,1454,28,133,587,185,422,2,1,3,0,2,0,0,0,2,1,1,0,0,2,0,1,0,0,0,1,0,3,0,1,0,2,0,1,0,0,0,3,0,0,1,1,0,1,0,0,0,0,0,1,1,0,1,1,0,0,1,0,1,0,1,0,9,3,2,10,9,11,7,1,0,6,5,1,15,2,6,5,7,0,3,4,2,2,3,5,7,0,2,2,4,4,3,9,0,4,7,4,1,3,13,13,7,6,0,0,11,162,465,5,0,2,2,5,3,3,1,0,0,2,0,1,1,3,1,2,3,1,0,1,7,0,0,0,10,0,0,9,18,5,31,0,1,6,4,13,23,11,17,6,4,10,14,0,7,2,5,0,3,3,0,5,4,0,1,0,21,4,0,0,0,12,6,26,0,0,0,1,0,1,0,16,12,0,31,33,0,0,0,0,1,4,8,0,10,11,10,9,11,5
01BR001,1,0,145,256,179,15,3,26,0,14,157,1092,0,0,0,6,26,19,13,0,19,5,50,0,7,60,153,74,56,0,0,5,97,25,25,4,2,14,46,9,11,17,0,0,0,1,0,0,5,41,34,55,1,90,11,0,0,57,37,0,0,0,30,32,52,52,6,0,8,482,104,18,178,1,82,5,13,4,0,12,0,5,6,5,60,15,58,0,2,0,7,2,4,0,3284,271,959,0,15,8,226,1,4,1047,0,28,6,0,0,410,157,356,0,1,8,1,126,195,5,67,0,50,140,51,0,8,214,210,0,129,2,0,8,0,4,29,3,5,1,0,105,2,21,35,1,154,0,0,0,0,2,0,0,0,0,0,0,0,0,1,0,0,0,0,0,0,1,0,0,0,0,0,0,0,0,0,0,0,0,0,0,0,0,1,0,0,0,0,1,0,0,0,0,0,0,0,0,0,0,0,0,0,0,2,0,3,6,5,4,2,1,1,4,1,1,0,1,3,0,0,3,0,2,2,0,1,4,0,0,0,0,0,2,4,1,0,0,2,0,0,3,4,0,2,0,0,0,94,91,1,1,1,1,1,0,1,1,0,0,0,0,0,0,1,1,0,2,0,0,1,0,0,0,0,1,0,0,4,4,6,6,0,0,1,2,3,8,9,1,0,4,2,3,0,2,0,2,0,1,0,1,1,1,1,0,0,2,1,1,1,1,5,0,19,0,0,0,1,0,0,0,1,1,0,7,15,0,0,0,0,0,0,4,0,5,2,0,2,1,2
18BR019,0,0,185,24,22,102,6,113,11,14,0,64,0,0,0,18,123,17,1,0,121,30,218,0,10,186,360,177,141,0,0,14,102,39,49,12,1,20,226,29,36,218,1,0,1,6,0,2,3,6,82,174,46,95,48,0,1,111,28,116,3,0,89,235,141,141,9,0,17,531,39,35,219,6,6,16,1,7,0,23,0,4,4,7,201,16,148,0,1,0,10,15,3,4,452,194,819,1,11,8,37,3,1,576,1,25,3,0,47,433,144,131,3,1,49,0,384,930,23,329,1,176,284,15,0,0,241,336,0,201,7,0,30,1,8,94,1,27,2,3,158,47,61,146,6,339,0,0,0,1,0,0,0,0,0,0,1,0,0,0,1,0,0,0,1,0,0,0,0,1,3,0,0,0,0,1,1,0,0,0,0,0,0,0,0,0,0,0,0,2,0,0,0,0,0,0,0,0,1,0,1,0,0,1,4,3,1,6,9,5,4,4,6,3,8,0,3,15,0,3,2,1,2,1,1,7,1,1,0,3,0,4,0,6,0,2,2,0,0,1,2,6,1,0,0,0,3,216,978,3,0,3,4,6,5,6,5,2,19,15,0,0,4,7,0,1,7,0,0,3,3,1,3,3,1,0,0,4,7,5,11,0,3,1,0,2,40,6,2,3,0,4,4,0,2,2,2,0,2,8,2,8,1,0,0,0,6,4,0,2,0,15,4,14,0,0,0,0,0,0,0,0,6,1,15,59,0,1,0,0,2,1,6,0,9,7,13,11,4,6
11BR074,0,0,267,144,154,226,0,97,508,3,0,475,0,0,0,298,1188,331,0,1,187,29,191,0,11,314,354,739,420,0,0,5,185,86,73,0,359,27,251,40,42,209,2,0,1,11,0,0,9,72,67,175,31,486,236,3,120,458,79,0,0,0,45,175,239,53,36,0,26,1230,84,7,103,5,0,9,3,21,0,32,2,1,2,3,83,66,618,15,9,0,67,9,42,246,389,516,3394,3,45,102,70,0,3,1539,9,8,6,0,174,461,207,459,0,2,32,0,603,532,541,673,0,185,234,449,3,4,161,2366,1,393,10,0,68,10,44,166,0,37,1,6,147,32,47,131,1,384,1,0,0,0,0,0,0,0,0,0,0,0,0,0,1,0,1,2,0,0,0,5,0,0,0,0,0,0,0,0,0,0,1,0,0,0,0,1,1,0,0,0,1,1,0,0,0,1,1,0,0,0,0,0,0,0,3,4,2,12,9,0,8,2,2,0,4,5,7,2,1,4,1,2,3,2,2,0,2,5,1,0,2,1,1,3,1,9,0,2,3,2,0,1,4,3,4,1,0,0,2,153,266,2,0,0,2,4,2,3,0,0,1,0,1,0,1,3,1,0,6,0,0,1,3,0,1,0,0,0,0,3,9,7,7,0,3,0,0,8,3,4,5,1,2,6,6,1,3,0,6,0,8,5,2,1,3,0,0,0,17,7,4,2,0,8,2,18,0,0,0,0,1,1,0,1,2,0,11,28,0,1,0,0,0,1,5,0,4,13,14,7,7,2
01BR008,14,0,15185,3605,2185,466,3,873,102,740,3835,1437,3,1,0,325,630,79,125,2,1954,454,13837,1,402,11076,11993,2994,3304,1,0,628,2262,1948,1377,183,627,483,5420,4123,1468,1664,19,4,1,253,4,9,163,25,1427,3447,569,2255,716,0,3073,4934,162,23,0,0,5100,926,7470,3086,1370,6,2355,35694,708,504,13828,903,31,319,210,1525,15,5284,11,437,67,26,941,1111,6094,225,164,3,2303,6071,2046,1917,17948,10888,58162,38,1312,1737,6024,128,19,63512,212,632,83,0,223,10093,7485,2565,14,31,263,3,1094,10403,148,4818,4,290,13546,1962,78,162,9909,12031,0,10779,1601,0,159,13,4455,3058,770,269,12,1,2563,907,1604,3567,165,3119,1,1,1,1,3,0,1,3,2,0,0,2,0,3,2,3,0,1,3,0,0,6,3,1,2,0,0,2,0,4,0,4,5,0,0,1,1,1,1,0,0,0,1,0,0,0,4,0,2,0,1,0,3,0,1,4,36,14,10,56,34,60,42,20,12,18,31,5,33,10,31,51,9,16,20,10,24,12,7,43,30,7,1,11,11,23,15,39,0,12,6,16,0,13,23,34,21,35,0,0,26,2120,2389,39,3,5,22,21,21,25,4,5,9,10,4,1,3,11,2,14,33,2,8,13,22,7,5,21,15,3,0,34,51,39,196,1,19,33,9,33,20,101,52,13,47,84,121,0,37,13,20,0,48,18,2,46,26,0,2,2,86,8,2,16,4,87,40,260,0,0,0,4,0,4,0,91,16,19,141,327,0,1,0,1,0,2,45,0,54,19,38,3,6,22
11BR080,1,0,7269,2264,6030,378,0,692,249,1,1,2988,1,2,0,21,2384,2084,1,0,504,166,2473,0,65,6004,1970,2601,638,0,0,9,1465,293,27,2,1,76,3184,7,195,1871,1,0,0,123,3,1,32,315,242,5925,278,588,387,2,1,686,286,807,0,0,870,314,109,38,679,2,321,1734,68,16,297,347,227,730,3,486,2,448,2,1,48,1,125,84,945,3,24,0,255,486,347,38,15489,883,1372,1,1176,119,156,1,7,2711,11,10,0,1,44,818,525,1621,1,69,5,0,2546,2830,672,11388,0,252,10923,1574,47,38,1481,20975,265,10538,2073,0,112,5,24,2413,4,14,3,3,1376,53,85,4,16,1080,0,2,0,0,0,0,0,2,0,0,0,1,2,0,1,1,0,0,1,2,0,4,0,0,3,0,0,0,1,1,0,1,0,0,1,1,0,2,3,0,0,1,0,1,1,0,0,1,0,0,1,0,1,0,0,0,2,4,8,17,16,23,25,9,9,12,15,4,27,15,5,10,14,13,4,9,8,10,7,7,11,7,6,7,13,11,3,18,0,4,19,3,0,5,10,18,9,16,0,0,24,546,1181,7,3,1,3,5,8,9,3,1,2,1,0,0,2,3,0,1,7,2,2,16,14,1,10,20,6,1,0,9,37,21,55,0,10,1,9,22,47,20,14,21,7,9,78,0,17,9,24,1,18,23,4,28,11,0,0,1,36,15,5,17,2,54,15,32,0,0,1,1,1,0,0,43,3,0,17,66,0,0,0,0,0,0,21,0,19,6,0,0,9,18
11BR075,0,0,153,465,1733,736,0,158,51,29,0,28,0,0,0,40,271,34,2,0,104,189,206,0,32,393,608,160,268,0,0,24,97,30,62,13,0,6,534,33,33,153,1,0,0,12,0,0,7,7,254,118,124,223,17,0,0,202,40,45,2,0,288,282,483,525,244,0,59,600,172,1,29,76,8,56,15,213,0,110,0,0,2,0,38,21,120,0,10,0,62,36,50,21,260,243,377,0,42,33,60,1,1,634,5,7,7,0,39,353,319,218,0,1,63,0,107,335,15,226,0,40,120,135,0,1,249,1196,0,84,16,0,91,0,15,45,0,34,0,0,151,41,21,111,11,220,2,0,1,1,0,0,1,0,1,0,0,1,0,0,0,0,0,0,0,0,0,0,0,0,0,0,0,0,0,0,1,0,0,0,0,0,0,1,0,0,0,0,0,2,0,0,0,0,0,0,0,0,2,0,0,0,0,0,1,3,9,5,6,5,11,3,3,9,5,0,2,1,2,6,5,5,2,1,1,3,0,0,0,2,1,1,3,3,0,1,0,2,0,2,5,1,5,3,0,0,2,65,155,7,1,0,1,1,2,3,0,0,0,0,1,0,0,0,0,1,5,0,0,1,2,0,0,1,0,0,0,4,9,5,5,1,1,1,1,9,1,10,6,2,2,3,6,0,1,0,2,1,3,4,0,3,1,0,0,0,5,3,0,3,2,8,3,15,0,0,0,0,0,1,0,0,2,0,8,9,0,0,0,0,0,2,3,0,6,3,6,5,4,2
20BR006,0,0,11,5,14,293,0,0,0,12,0,3,0,0,0,32,5,0,1,0,8,0,21,1,0,497,92,25,7,0,0,2,101,0,3,0,2,1,21,0,3,3,0,0,0,0,0,0,0,31,2,31,2,4,5,0,1,9,20,1,0,0,6,3,0,3,9,0,7,692,1,0,6,1,16,4,0,5,0,4,0,0,0,0,4,0,5,0,0,0,0,0,1,1,3,38,23,0,0,0,2,0,0,65,0,0,2,1,0,1,3,10,0,0,0,0,21,38,0,39,0,1,95,4,0,2,40,509,0,98,2,0,55,0,0,2,3,28,0,0,3,0,3,2,1,104,1,0,0,1,1,0,0,0,0,0,0,0,0,0,1,0,0,0,0,0,2,1,0,0,0,1,0,0,0,0,0,2,0,1,0,1,0,0,0,0,0,0,0,1,0,0,0,0,0,0,0,0,0,0,0,0,2,2,0,1,4,12,5,0,3,4,3,0,6,0,0,0,1,3,1,1,7,2,2,3,1,0,0,1,0,0,1,4,0,0,2,2,0,1,1,3,1,1,0,0,3,28,69,1,0,0,1,1,0,1,0,0,0,0,0,0,0,0,0,4,3,1,0,0,3,0,0,0,0,0,0,1,4,1,4,0,0,2,1,1,3,5,0,1,0,0,10,0,1,0,1,0,0,1,0,2,0,0,0,0,1,1,0,2,0,2,1,14,0,0,0,0,0,0,0,4,0,0,14,13,0,0,1,0,0,1,3,0,5,2,1,3,2,2
21BR002,0,0,17,38,6,1,0,3,0,3,0,0,1,0,0,2,0,52,1,0,172,20,22,0,6,9,190,679,29,0,0,14,30,0,3,0,2,1,49,3,1,62,0,0,0,3,0,0,2,16,1,74,98,19,40,0,60,12,17,0,0,0,221,1,383,2,1,0,5,201,2,3,6,38,0,1,15,0,0,22,0,0,3,0,25,1,11,0,7,0,6,11,4,0,252,43,85,0,14,5,23,0,1,111,1,2,1,0,6,55,330,73,0,1,0,0,15,93,0,114,0,37,31,16,0,1,105,1244,0,261,2,0,1,0,0,186,0,3,3,4,21,33,4,42,2,1036,0,0,1,0,0,1,0,0,0,0,0,1,0,2,0,0,0,0,0,0,4,0,1,4,3,0,2,0,1,1,0,0,1,1,0,0,0,0,1,0,0,0,0,0,0,0,0,0,0,1,0,0,0,0,0,0,3,2,0,1,17,10,17,9,2,2,9,0,1,0,2,5,3,0,1,2,7,2,8,4,4,1,1,5,6,5,6,6,0,1,3,0,0,2,4,11,12,3,0,0,11,630,755,5,0,0,3,1,0,8,2,0,0,0,0,0,2,1,1,1,6,0,3,2,5,0,2,2,2,0,0,6,17,6,19,3,0,0,1,18,3,5,3,10,16,4,10,0,4,1,1,0,5,6,0,18,9,3,0,0,7,3,2,3,6,16,8,21,0,0,0,0,1,0,0,2,4,0,23,105,0,0,0,0,1,0,4,0,9,2,1,6,4,0
21BR010,0,0,9,8,0,2,0,6,1,0,0,1,0,0,0,1,11,0,0,0,11,14,47,0,1,17,41,10,22,0,0,1,15,7,6,0,0,4,36,10,9,48,0,0,0,2,0,0,0,1,3,13,0,4,2,0,0,6,17,11,0,0,6,17,20,12,3,0,3,73,2,0,20,1,1,5,3,3,0,4,0,0,0,0,15,3,30,0,10,0,5,10,4,0,49,22,62,0,1,1,5,0,1,37,2,2,2,2,0,4,12,7,0,0,16,0,6,74,2,28,0,17,0,1,0,0,15,0,0,4,1,0,1,1,6,3,4,0,0,0,4,10,4,0,0,110,1,0,0,0,0,0,0,0,0,0,0,0,0,1,0,0,0,0,0,0,0,0,0,1,0,0,0,1,0,0,1,0,0,0,0,0,0,0,0,0,0,0,0,1,0,0,0,0,0,0,0,0,0,0,0,0,0,0,0,0,0,0,2,0,0,0,1,2,0,1,0,0,0,0,0,0,2,0,0,0,0,0,0,0,0,0,1,3,0,0,1,0,0,0,0,0,0,0,0,0,0,10,18,0,1,0,0,0,0,0,0,0,0,0,0,0,0,0,0,0,0,0,0,0,0,0,0,0,0,0,0,0,0,1,0,0,0,0,0,0,0,1,1,0,1,0,0,1,1,0,0,0,0,0,0,0,1,0,0,0,0,1,0,0,0,1,0,13,0,0,0,0,0,0,0,0,0,0,10,3,0,0,0,1,0,0,2,0,1,4,3,6,4,1
05BR016,0,0,47,58,94,0,0,19,0,7,0,5,0,0,0,13,44,28,10,0,19,1,149,0,1,33,53,530,14,0,0,4,88,2,8,6,3,11,10,9,6,17,0,0,0,2,0,0,1,41,21,24,6,45,1,0,6,103,54,0,0,0,24,33,4,37,2,0,4,141,7,2,18,1,13,2,0,0,0,3,0,0,0,0,2,0,38,0,0,0,1,1,2,0,67,78,130,0,1,2,1,0,0,67,7,0,3,1,1,23,77,75,1,0,3,0,41,1479,2,51,1,15,187,8,1,0,47,142,0,56,1,0,2,0,2,5,0,54,1,1,49,4,3,0,4,201,0,1,0,0,0,1,0,0,0,0,0,0,1,0,0,0,0,0,0,0,0,0,0,0,0,0,0,0,0,0,0,0,0,0,0,0,0,0,1,0,2,0,0,0,0,0,0,1,0,0,1,0,0,1,0,0,0,2,0,2,3,0,0,0,1,0,5,1,8,3,0,1,0,0,0,1,3,4,1,6,2,0,1,2,0,0,1,6,0,0,1,1,0,2,1,2,2,6,0,0,2,123,73,1,0,0,2,1,0,2,0,0,1,0,1,0,0,0,0,0,2,0,0,1,4,1,0,2,2,0,0,1,3,2,5,0,2,2,1,2,8,3,2,0,1,1,5,0,8,1,4,0,0,2,0,2,3,0,0,1,5,5,0,1,0,2,2,6,0,0,0,0,0,0,0,2,1,1,3,2,0,0,0,0,0,0,0,0,0,3,0,1,1,1
11BR006,5,0,117,28,42,166,0,57,5,6,0,90,0,0,0,48,417,36,1,0,61,18,466,0,6,171,1250,230,149,1,0,7,97,35,31,10,2,22,657,77,33,131,1,0,0,4,3,0,15,225,81,190,97,596,555,0,1,695,62,281,0,0,112,79,75,190,1,0,12,2841,93,4,78,4,26,17,14,4,0,6,0,7,0,3,97,2,94,0,2,0,2,23,3,12,348,249,2110,0,9,9,2253,0,2,550,4,9,3,0,38,934,397,89,1,2,47,0,201,803,44,227,1,154,195,53,1,0,270,1062,0,161,33,0,15,0,15,194,0,34,4,0,94,43,202,91,8,189,0,0,3,0,0,0,1,0,0,0,0,0,0,0,0,0,0,0,0,0,0,1,0,0,0,0,0,0,0,1,1,0,2,0,0,0,0,0,0,0,0,0,0,0,0,0,0,0,0,0,0,0,1,0,1,1,1,0,1,0,4,3,3,2,5,1,1,3,5,7,0,5,3,1,0,0,3,0,2,5,5,0,0,1,1,1,1,5,1,2,5,0,0,3,7,2,2,6,0,0,7,102,268,2,0,1,0,3,2,2,0,1,1,1,1,0,2,1,0,1,4,0,3,4,1,0,1,2,1,0,0,8,10,6,10,1,1,2,0,2,14,5,5,4,1,2,8,0,3,1,2,0,3,3,0,5,4,0,0,0,12,10,1,1,0,7,1,14,0,0,0,0,0,0,1,1,0,0,341,27,2,0,2,0,2,0,2,0,1,2,3,0,0,12
03BR004,0,1,56,23,1,0,0,1,7,1,6,1,0,0,0,1,2,1,0,0,16,1,19,0,3,78,66,24,18,0,2,4,24,15,2,1,0,6,21,7,4,18,2,0,0,0,0,0,0,2,4,8,1,4,15,0,0,26,4,0,0,0,10,15,16,21,1,0,0,57,13,0,7,7,0,1,0,0,0,0,0,0,2,1,17,2,12,0,3,0,1,6,0,0,18,31,72,0,1,1,2,0,0,67,0,13,0,0,0,64,25,40,0,0,0,0,40,90,3,48,0,22,11,7,0,0,6,177,0,31,5,0,19,0,0,2,0,3,0,2,4,2,16,5,0,147,1,1,0,0,0,1,0,0,0,0,0,0,0,0,0,0,0,1,0,0,0,1,0,0,1,0,0,0,0,0,0,0,0,0,0,0,0,0,0,0,1,0,0,0,0,0,0,1,0,0,0,0,0,0,0,0,0,0,0,1,1,0,1,1,1,0,1,0,3,0,2,4,1,0,1,4,2,0,0,2,0,1,1,0,1,2,0,1,0,0,0,0,1,0,1,3,2,1,0,0,3,46,105,0,1,0,0,1,0,2,2,0,0,0,0,0,1,0,0,2,2,0,0,1,0,0,0,1,0,2,0,1,3,2,3,0,0,0,0,2,7,5,6,2,0,1,6,0,1,0,1,0,1,1,0,1,0,0,0,0,0,2,0,1,1,1,3,7,0,0,0,0,0,0,0,2,0,0,6467,206,15,5,19,0,37,2,24,1,0,10,8,9,5,206
20BR007,6,2,2324,2155,405,25,29,1082,106,788,915,9381,0,4,1,166,818,0,112,1,872,42,796,1,1217,6802,3083,3540,2152,3,0,34,1951,1378,282,103,3,109,2149,48,136,655,1,3,1,26,6,1,166,945,1478,2374,28,2542,11386,14,5,2181,269,2082,6,0,964,341,1008,2197,133,2,293,14334,666,81,2895,368,1678,275,200,61,0,243,1,337,47,14,408,63,492,3,213,5,51,1076,28,29,19642,8400,93571,10,212,223,28215,4,39,24821,67,394,366,1,48,4597,1282,216,2,7,19,4,13480,16342,56,2367,0,1415,1979,1088,9,302,12084,1151,0,2377,2618,1,152,1,39,961,8,136,2,0,609,533,610,931,112,447,2,1,0,0,0,0,0,0,0,0,1,0,0,1,0,2,0,1,1,0,1,1,0,0,0,0,0,0,1,0,1,0,1,0,0,1,0,0,0,0,0,0,0,3,0,0,0,0,0,0,1,0,2,0,1,1,2,15,4,14,13,7,9,5,9,12,20,1,11,0,4,8,11,6,2,0,9,4,2,1,2,3,0,6,4,11,1,4,0,1,7,4,0,1,3,17,2,7,0,0,10,134,225,2,1,5,2,5,4,7,0,0,0,0,0,0,0,0,1,0,4,0,4,3,5,2,5,4,15,0,0,11,32,10,13,0,5,7,1,7,3,18,4,4,5,1,7,0,5,0,2,0,5,3,2,5,7,0,0,0,9,5,1,2,0,12,6,42,0,0,0,1,0,1,0,23,6,0,43,56,0,2,0,0,1,5,6,0,11,18,8,6,7,2
01BR040,17,2,10686,4958,1570,2379,8,2232,247,8079,2080,10553,1,15,11,1780,1516,441,1416,2,2762,315,4549,1,1313,6415,12545,4444,5316,6,2,355,5448,3694,3688,740,1216,1475,10247,268,509,9612,4,6,2,913,8,3,131,417,2005,3888,5233,6763,1917,3,1860,7732,122,7,2,0,2083,1657,4929,4504,1332,12,3070,44373,3413,255,6825,783,63,384,782,1379,12,6487,14,17,159,52,1011,1917,2666,31,383,29,4167,406,777,192,28859,17731,63057,24,2198,3004,29709,15,59,49334,2057,7077,1939,0,86,5101,18850,24248,8,116,143,11,8677,24886,396,7020,6,1030,6046,5885,40,1501,26014,14915,6,22943,2287,0,485,22,1311,8288,45,354,55,4,4096,606,849,860,2480,1262,4,0,0,2,1,0,1,1,0,0,0,6,1,1,0,1,0,1,1,1,0,0,0,2,0,2,3,0,0,2,1,1,1,0,1,3,1,1,0,0,0,0,1,4,0,0,0,2,0,0,2,0,6,0,1,0,2,19,4,9,34,25,17,27,9,7,29,3,41,10,3,11,15,10,7,6,13,6,10,8,28,2,0,15,3,18,5,17,1,3,6,6,0,10,18,18,14,17,0,0,23,768,1541,8,1,6,4,6,8,6,5,4,1,0,5,0,1,4,17,6,40,1,0,12,17,0,1,5,7,0,0,32,26,27,79,4,5,15,0,61,68,23,24,13,22,8,75,1,18,20,8,2,32,31,1,13,12,1,0,0,30,25,9,25,3,63,30,71,0,0,0,2,0,0,0,20,3,2,33,117,0,0,0,0,0,0,11,0,5,13,28,16,5,11
11BR011,22,0,8598,3887,322,6144,2,495,66,4029,0,2537,13,0,2,19,6353,428,7,0,2419,3320,1098,1,41,2300,28796,5738,1880,5,3,29357,10202,930,2013,731,13,413,2209,279,284,2595,7,2,0,99,0,5,373,1991,566,4335,2763,5912,1473,3,2,2701,666,16823,6,0,418,318,2528,8363,44,0,422,11783,575,283,1177,24,11,24,4,29,0,231,3,39,18,16,1661,147,1519,2,11,0,150,108,33,74,7444,9041,20564,11,108,68,111,2,15,173705,244,953,30,0,52,4348,3022,1931,1,16,234,0,1332,8930,896,2441,2,1831,2456,412,2,20,47906,3077,2,4104,154,0,532,10,183,536,4,341,6,0,1185,329,102,7082,2917,1441,3,0,1,2,1,1,3,1,1,0,3,0,0,1,0,2,0,1,0,1,0,2,0,1,2,0,1,1,1,2,0,0,2,0,0,1,0,2,0,0,0,0,3,1,0,0,0,0,0,1,1,1,1,0,0,2,9,15,9,23,27,32,21,12,14,12,28,13,31,10,18,15,8,10,8,6,20,4,4,12,18,5,3,5,7,24,5,37,0,12,7,4,2,11,26,18,17,17,0,0,36,612,1438,12,3,5,10,4,11,10,7,1,4,6,0,1,1,6,0,9,19,2,6,17,16,2,4,7,7,0,0,21,37,16,87,0,9,11,1,33,76,36,31,18,26,16,52,0,18,7,14,0,19,25,0,20,11,2,0,0,54,20,1,10,5,67,20,106,0,0,0,5,0,1,0,36,12,0,331,163,0,0,0,0,2,4,27,1,14,25,29,20,9,35
21BR001,12,0,992,724,842,2959,0,1003,48,2228,26,8255,1,1,0,85,4725,138,74,3,4573,74,5413,1,191,8528,10908,2831,6508,1,0,334,2642,188,1186,283,1949,810,2259,109,95,4860,4,4,19,951,20,4,139,592,364,12022,18,574,350,0,4880,1790,7906,3,0,0,374,746,224,848,3994,5,2081,10825,352,11,4188,106,5,301,8,3723,5,4666,3,5,20,26,443,1849,2687,14,100,12,3426,1159,725,81,3373,2784,24558,2,229,455,3119,6,14,25118,17,881,1736,1,304,5850,3264,4690,11,39,6,0,671,13781,102,2635,6,1878,26323,136,124,12,306,17128,12,354,18,1,121,7,53,2754,0,83,19,1,1573,158,8497,2205,93,1836,1,0,3,1,0,0,1,2,3,0,1,0,2,0,0,1,0,1,0,1,0,1,1,1,4,0,1,0,3,4,1,0,2,1,1,0,1,0,3,0,0,0,0,0,0,0,1,3,0,0,0,0,2,0,0,0,8,7,2,3,13,23,27,14,16,9,15,1,24,11,14,10,1,8,7,9,12,2,10,11,18,4,3,13,5,11,7,13,0,3,8,3,0,21,21,18,12,18,0,0,21,1304,1266,9,0,2,4,3,11,9,6,1,1,6,4,1,2,3,4,13,14,0,3,10,20,2,2,12,9,0,0,15,42,9,89,0,9,6,5,39,12,57,12,1,8,21,34,0,18,7,23,0,10,16,1,39,6,0,0,1,49,15,0,2,6,55,36,112,0,1,0,1,2,4,0,10,26,0,182,119,0,0,1,0,2,0,7,2,5,5,18,2,1,9
06BR003,5,5,1790,1190,151,1612,8,514,277,714,131,540,0,8,1,453,2267,78,115,0,841,16,1503,0,355,1099,2482,2483,393,4,6,101,531,447,169,119,241,78,952,107,397,468,13,2,1,35,7,2,42,75,1242,1683,254,1906,235,1,366,1489,468,630,5,0,576,707,699,2519,112,1,154,9782,824,493,3111,86,358,80,298,128,3,153,14,84,89,72,1261,38,905,8,129,7,60,315,104,446,5812,4616,11832,17,271,139,438,6,21,26471,52,207,40,0,28,3969,1442,802,4,7,80,0,5495,6448,59,3715,3,1492,2827,2295,3,11,6172,5621,11,970,24,0,126,6,843,748,18,250,6,0,17626,312,282,133,87,785,0,1,0,1,1,0,0,1,0,1,0,0,0,0,3,0,0,0,1,0,1,1,0,0,1,0,0,0,1,0,0,0,0,0,0,0,0,0,1,0,1,1,1,2,0,0,1,0,1,0,0,0,2,0,0,1,11,9,0,23,13,6,14,7,13,10,9,5,8,6,4,13,1,4,2,3,15,3,11,17,23,2,2,2,2,5,2,11,2,3,7,1,0,6,6,16,17,6,0,0,15,287,726,6,0,2,2,3,3,4,2,1,0,4,0,1,1,1,0,0,14,4,6,7,9,1,3,7,3,0,0,7,23,10,40,0,5,9,3,16,34,35,8,4,9,21,26,0,20,2,5,1,9,16,4,10,4,0,0,0,41,15,1,4,2,30,11,30,0,0,1,1,0,0,0,17,1,0,352,42,0,0,0,0,1,2,28,0,10,5,5,2,0,125
18BR004,0,0,109,11,0,3,0,2,0,0,0,0,0,0,0,7,5,14,0,0,10,2,8,0,0,6,27,16,1,0,0,3,6,3,2,0,1,1,7,1,1,4,0,0,0,0,0,0,1,1,1,9,5,4,0,0,0,3,0,4,0,0,0,3,4,0,0,0,0,74,3,0,3,0,0,2,0,0,0,0,0,0,0,3,0,0,11,0,0,0,0,0,1,0,14,8,148,1,0,0,1,0,0,19,0,2,0,0,0,15,11,3,0,1,0,0,18,26,0,10,0,4,33,0,0,0,9,1,0,7,0,0,0,0,0,0,0,0,0,3,4,1,1,4,2,886,1,1,0,1,3,0,2,0,2,1,1,1,0,1,0,1,0,1,4,1,0,4,1,1,10,2,0,15,0,3,0,1,4,0,0,0,0,2,3,0,0,0,0,1,0,0,0,0,1,0,0,0,1,0,4,1,2,0,0,2,1,1,0,1,1,1,1,2,2,0,2,1,0,6,1,0,1,0,1,2,0,0,0,0,0,1,1,3,0,0,0,1,0,0,2,1,0,1,0,0,1,45,71,1,1,1,0,0,1,3,0,0,0,2,0,0,0,0,0,1,1,0,0,1,0,0,0,0,2,0,0,1,0,2,1,0,0,0,0,3,6,0,2,0,1,3,5,0,1,1,0,0,0,2,0,1,0,0,0,0,2,2,0,1,0,4,1,7,0,0,0,0,0,0,0,0,1,1,2,10,0,0,0,0,0,0,1,0,3,7,0,2,0,2
11BR020,9,0,3054,428,657,2074,20,866,111,394,163,1361,0,3,0,243,601,326,195,1,1812,124,1366,1,25,2746,2622,777,2211,0,10,218,3873,671,405,19,688,4,1764,246,1142,878,4,0,0,34,3,0,12,1,648,1132,1419,1834,212,1,646,1045,388,1,0,0,537,243,641,222,14,0,76,3222,254,1698,614,92,6,602,6,9,0,51,1,0,7,4,528,9,382,0,21,0,11,94,3,39,2186,1217,5386,2,78,20,218,0,7,6522,53,91,16,1,154,1737,1031,2089,3,8,173,0,1299,3501,189,2897,0,460,4918,423,30,9,782,3476,4,2194,196,0,96,18,179,380,11,167,8,1,490,204,139,497,94,1061,1,1,0,1,2,1,1,0,0,0,2,2,0,0,0,0,0,1,0,0,0,4,1,1,0,0,0,0,0,1,0,0,0,0,0,0,0,1,3,0,0,0,0,3,0,1,0,0,2,1,0,0,2,0,0,0,4,7,4,12,57,26,26,12,9,3,12,3,24,9,2,12,9,16,2,7,12,5,6,22,6,4,1,7,3,18,7,24,1,10,12,5,0,4,18,12,7,17,0,0,21,538,1071,8,2,5,5,8,11,13,2,1,3,4,0,2,4,7,0,0,12,2,3,11,10,4,4,8,6,0,0,12,31,26,47,0,6,5,4,46,57,34,24,0,5,7,40,0,30,19,14,1,14,4,5,20,16,1,1,0,44,5,2,6,2,30,19,98,0,0,0,4,0,0,0,24,14,6,58,75,0,0,2,0,1,5,31,0,6,16,25,11,6,11
18BR017,2,0,666,537,700,130,2,212,13,126,118,242,0,4,0,84,1410,210,13,0,358,13,399,2,0,272,669,605,400,2,0,13,517,139,340,1,1364,30,483,52,13,86,2,0,0,11,1,0,28,237,177,7,243,197,76,0,584,354,75,0,1,0,409,88,302,231,6,0,77,1114,561,31,77,103,2,10,1,7,0,108,0,5,7,6,27,19,138,3,8,0,37,52,5,46,1172,901,1541,1,23,29,114,1,55,965,33,22,8,0,84,2243,222,1038,3,1,14,0,429,852,30,387,0,139,755,43,1,9,582,1189,0,450,477,0,142,0,5,695,16,22,1,0,1484,46,94,28,400,513,2,0,0,1,0,0,0,1,0,0,1,1,0,0,0,0,0,0,0,0,0,0,0,1,0,0,1,0,1,0,0,2,2,0,1,0,0,0,1,0,0,0,0,0,0,1,0,0,0,0,0,1,0,0,0,2,2,2,1,5,9,7,21,7,2,3,12,8,10,8,3,7,1,8,1,2,5,3,10,11,4,24,3,4,5,9,2,7,0,3,2,4,1,6,11,8,9,7,0,0,11,250,434,2,0,2,6,4,4,11,0,2,1,1,0,0,2,4,0,0,6,1,0,3,4,1,9,1,6,0,0,5,17,7,16,4,5,0,5,16,3,19,7,3,4,3,25,0,1,1,6,0,9,5,0,8,5,1,1,0,17,5,0,3,1,7,13,17,0,0,0,0,0,0,0,1,1,0,681,81,0,0,0,0,7,3,13,0,6,4,4,3,2,26
20BR008,1,0,44,46,13,36,0,50,0,9,22,16,0,0,0,1,18,0,6,0,7,0,18,0,5,94,68,825,63,0,0,5,65,57,12,1,3,17,152,1,1,13,1,0,0,1,1,0,1,5,2,19,41,94,3,0,0,8,2,0,0,0,32,23,23,133,2,0,14,348,15,4,120,6,7,9,2,2,0,13,0,6,0,1,3,1,32,0,1,0,3,80,0,0,93,213,189,0,3,8,11,0,67,747,5,3,1,0,0,64,661,31,1,0,0,0,140,150,5,249,0,19,18,18,0,0,29,126,0,10,8,0,2,0,2,0,0,3,0,3,20,6,6,3,2,172,0,0,0,0,0,0,0,0,0,0,0,0,0,0,1,0,0,0,0,0,0,0,0,0,0,0,0,0,0,0,0,1,1,0,0,0,0,0,0,0,0,0,0,0,0,0,0,0,2,0,0,0,1,0,0,0,0,0,0,0,4,2,6,13,4,1,4,13,6,0,0,1,1,2,0,1,1,0,0,0,1,0,1,4,0,2,0,4,0,1,2,3,0,1,3,2,2,1,0,0,1,37,58,0,0,2,2,3,3,1,0,0,0,0,0,0,0,0,0,0,3,0,0,1,0,0,0,0,1,0,0,1,1,0,7,0,0,0,0,1,0,3,0,1,0,0,3,0,0,0,0,0,1,0,0,0,3,0,0,0,4,2,0,2,0,1,2,9,0,0,0,0,0,0,1,0,2,0,5,5,0,0,0,0,1,1,0,0,3,1,1,1,4,1
11BR019,11,0,2936,6133,1069,15,7,1462,83,523,3,820,2,3,0,413,2710,371,11,0,4075,196,2335,3,47,2539,6919,4106,3014,1,2,2410,1956,2327,1294,26,6,278,1985,272,1202,2472,6,0,1,156,5,6,96,189,5836,6683,25,1503,378,5,4,1532,1218,4,3,0,7059,3206,1237,3537,72,0,173,20475,684,29,2333,199,325,43,21,62,1,171,3,5,78,15,210,81,1596,2,8,1,70,7,16,155,14679,4793,33143,5,259,230,381,19,18,17466,535,225,21,0,827,5194,4028,4428,2,31,2104,0,1824,18577,411,6339,3,2820,3991,2191,17,15,6230,4270,3,3363,2535,1,1099,10,58,8156,179,76,2,0,1282,904,278,833,75,908,2,1,1,1,0,1,1,2,1,0,2,0,0,0,0,0,1,2,0,1,0,1,0,0,1,1,1,0,0,0,0,0,0,0,0,2,0,1,2,0,0,1,1,0,0,3,0,1,0,0,1,0,1,0,0,1,4,8,5,15,22,22,23,18,6,9,18,11,20,13,18,10,6,5,2,12,6,5,3,7,14,5,4,8,3,11,2,15,1,4,9,7,0,8,15,20,10,22,0,0,21,440,944,7,0,5,6,10,5,10,5,0,4,4,1,2,2,3,0,6,15,1,0,5,2,1,6,6,6,4,1,12,28,14,52,1,3,7,4,29,53,32,13,8,7,20,36,0,20,4,17,0,9,23,2,20,7,0,0,0,89,8,3,8,4,35,17,32,0,0,0,0,0,1,0,17,2,1,24,55,0,0,0,0,0,4,8,0,20,14,4,4,11,5
11BR047,3,0,160,15,51,198,2,89,14,25,0,12,0,0,0,12,66,42,3,0,68,17,204,0,12,107,363,116,43,0,0,10,172,83,36,25,1,20,247,83,53,155,1,0,0,4,0,0,11,6,58,183,52,150,47,0,0,51,54,95,0,0,90,124,24,94,3,0,8,444,94,6,97,10,29,9,26,3,0,8,2,5,3,5,89,3,121,0,6,1,3,34,1,15,351,163,436,0,8,6,23,0,0,578,4,9,3,0,4,391,270,162,0,0,0,0,290,705,39,293,1,78,291,50,0,3,243,247,0,414,43,0,141,3,0,112,0,34,2,0,52,100,162,218,13,290,0,0,0,0,0,1,2,0,0,0,1,2,0,1,0,0,0,0,0,0,0,1,0,0,0,0,0,0,0,0,0,0,1,0,0,1,1,0,0,0,0,0,1,0,0,1,0,0,1,0,0,0,0,0,0,0,1,1,0,4,8,1,4,2,3,0,2,3,4,2,1,2,2,0,2,3,2,3,0,6,3,1,1,0,1,7,3,10,0,1,2,5,1,0,5,5,1,3,0,0,4,125,205,3,1,0,4,2,3,4,0,0,0,2,0,0,0,2,0,0,4,0,0,2,0,0,2,3,0,0,0,2,8,3,3,0,5,1,0,3,11,7,5,2,1,3,6,1,2,0,3,0,2,1,0,2,1,0,0,0,4,8,2,2,0,1,3,14,0,0,0,2,0,0,0,2,0,2,32,29,0,0,0,0,0,0,2,0,6,1,8,2,1,2
11BR051,0,0,122,80,15,76,0,148,29,74,15,64,0,0,0,0,71,19,6,0,118,63,91,0,22,95,627,199,120,1,0,0,166,40,27,3,2,0,166,23,98,94,2,0,0,2,1,0,8,21,98,4,130,136,50,0,0,187,25,0,1,0,24,211,78,14,6,0,20,329,35,4,118,1,30,11,11,3,0,2,0,0,1,0,47,3,54,0,1,0,4,0,4,7,302,165,302,2,4,3,12,0,0,446,2,2,0,0,4,98,125,102,0,0,9,0,51,276,5,237,0,64,343,37,0,2,102,27,0,87,65,0,2,1,0,9,0,7,1,1,66,7,13,33,18,285,0,4,0,0,2,0,0,0,0,0,1,0,0,1,2,1,1,0,1,1,0,0,0,0,0,0,0,0,0,1,0,0,2,0,0,0,0,0,1,0,0,2,0,3,0,0,0,1,0,0,0,0,1,1,0,0,1,2,2,3,2,3,5,3,3,4,6,0,6,4,3,2,1,2,1,3,2,3,0,1,5,0,0,1,0,7,2,4,0,1,2,1,0,0,4,1,1,6,0,0,12,133,350,2,0,4,2,1,5,3,2,0,0,0,0,1,0,4,0,5,2,1,0,2,3,0,1,2,1,0,0,3,2,8,14,0,4,3,1,4,15,6,7,7,1,5,12,1,5,1,7,0,3,5,1,5,3,0,0,0,55,22,1,5,1,18,3,15,0,0,0,0,0,1,0,2,2,0,373,39,7,0,2,0,4,1,3,0,1,11,10,10,4,19
11BR027,0,0,467,109,116,332,0,794,14,26,0,362,0,0,0,34,62,51,3,0,84,46,311,0,3,320,500,177,337,0,0,43,82,87,66,2,229,1,230,18,35,176,0,0,0,3,2,10,10,12,255,630,142,153,119,2,263,319,106,3,0,0,330,217,96,137,34,0,67,1382,113,33,147,17,18,6,16,23,0,63,0,1,4,4,36,3,110,0,7,0,6,72,5,15,1122,554,1779,1,20,22,60,0,5,2300,23,27,11,0,13,941,299,249,5,1,81,0,234,657,37,837,0,150,475,188,0,3,774,112,0,528,200,0,92,0,42,540,7,25,2,2,384,87,91,65,27,511,1,1,1,0,1,0,2,0,1,0,0,0,0,0,2,0,0,0,1,2,0,0,0,0,2,0,0,0,0,0,0,2,1,3,0,1,0,1,1,0,0,1,0,2,0,2,0,0,0,1,0,0,2,0,0,2,0,7,8,2,8,5,3,3,6,8,14,2,8,1,2,8,7,1,9,4,0,2,4,6,1,1,2,2,3,4,1,9,0,1,4,0,0,2,1,5,4,3,0,0,8,178,362,1,0,0,3,4,1,3,4,0,0,4,0,0,0,4,2,2,6,0,3,0,0,0,2,7,4,0,0,6,16,3,23,0,2,4,2,16,17,16,15,3,9,7,12,0,3,0,0,0,7,4,0,6,2,0,0,0,11,8,0,2,1,20,4,215,0,0,0,0,8,1,0,0,7,0,65,30,0,0,0,0,1,3,12,0,6,7,11,6,3,7
20BR002,0,0,74,15,50,1,0,10,0,5,0,15,0,0,0,0,39,3,0,0,48,2,92,0,1,17,89,61,62,0,0,4,11,12,9,3,0,10,33,3,10,52,0,1,0,2,0,0,2,5,16,56,0,6,9,0,0,15,13,0,0,0,11,11,45,15,2,0,27,214,22,0,134,0,1,1,0,1,0,23,0,2,1,0,10,2,39,0,0,0,6,8,3,1,106,58,98,0,5,4,2,0,0,235,0,1,1,0,8,328,55,39,1,0,38,0,14,95,1,58,0,55,46,13,0,0,22,68,0,106,1,0,10,0,22,71,2,5,0,0,12,5,14,27,4,94,0,0,0,0,0,0,0,0,0,0,0,0,0,0,0,0,0,0,0,0,0,1,0,0,1,0,1,0,0,0,0,1,0,0,0,0,0,0,0,0,0,0,0,0,0,0,0,0,0,0,0,0,0,1,0,0,0,0,0,2,1,0,1,0,3,1,0,0,0,0,3,0,1,0,0,0,0,1,1,3,0,0,0,0,0,3,0,3,0,0,0,0,0,1,1,0,3,1,0,0,2,26,65,0,0,0,1,0,0,0,0,0,0,0,0,0,0,0,0,0,0,0,1,3,0,0,0,0,0,0,0,0,2,1,1,0,0,0,0,3,1,5,0,3,0,0,1,0,3,0,0,0,0,1,0,0,0,0,0,0,1,2,0,0,1,0,0,1,0,0,0,0,0,0,0,0,0,0,4,10,0,0,0,0,0,0,3,1,2,4,1,3,4,0
01BR031,0,0,173,307,53,7,0,110,1,190,178,230,0,0,0,31,82,56,80,0,62,0,402,0,84,273,279,227,133,0,2,42,432,29,78,19,0,27,117,1,40,68,3,0,0,1,1,2,2,9,118,369,2,174,5,0,0,137,55,0,0,0,100,72,43,189,10,0,8,1928,193,9,52,9,30,6,30,10,0,8,1,11,3,1,0,6,73,0,1,0,6,28,3,27,364,380,730,1,10,7,292,0,0,881,7,40,60,0,134,756,91,359,0,0,8,0,211,710,10,306,0,87,987,233,4,1,170,770,0,455,40,0,215,2,31,50,4,5,1,2,252,19,156,18,33,260,0,0,0,0,0,0,0,0,1,0,0,0,0,0,0,0,0,0,0,0,0,0,0,0,1,0,0,0,2,0,0,0,0,0,0,0,0,0,0,0,0,0,0,0,0,0,0,0,0,0,0,0,0,1,0,0,0,1,0,6,4,6,4,1,3,2,12,1,5,0,1,4,0,3,0,2,7,6,2,5,1,0,0,0,2,3,3,3,0,3,4,3,0,5,8,3,1,3,0,0,7,153,88,3,1,2,2,1,1,2,0,0,0,0,0,0,0,0,0,0,1,2,0,4,1,0,0,0,0,0,0,2,8,4,15,0,0,3,0,16,6,1,1,1,6,25,5,0,1,0,1,0,6,1,0,4,2,0,0,0,5,2,0,0,0,7,2,22,0,0,0,1,0,0,0,1,0,0,7,18,0,1,1,0,0,1,1,0,3,4,3,0,1,6
11BR043,1,0,886,291,66,561,4,848,10,421,90,333,0,1,0,41,298,186,146,1,499,20,851,0,70,601,1687,1259,310,0,1,58,193,195,179,4,371,47,930,26,25,634,1,1,0,7,3,0,17,138,409,524,2174,441,133,0,460,1289,121,0,0,0,131,769,414,119,16,0,31,2907,148,18,403,18,24,22,1,6,0,29,0,1,9,5,264,28,266,4,19,2,14,43,3,337,2058,862,3376,12,15,23,310,0,8,2875,13,41,13,0,13,3362,1024,725,3,2,185,1,1538,1914,109,1371,0,385,1256,609,4,10,1806,2482,0,598,129,0,434,2,2,274,2,44,6,2,286,150,255,4097,67,1892,1,3,1,2,3,1,4,0,1,2,3,2,0,0,1,1,0,1,1,0,1,4,0,0,2,0,5,0,1,2,0,1,1,1,1,2,1,0,2,1,0,1,1,2,0,0,0,1,0,1,0,0,4,0,0,1,5,10,10,15,63,36,33,23,12,6,16,6,42,18,25,16,14,11,8,5,23,9,21,18,25,5,6,9,11,18,6,44,4,11,23,12,0,6,15,15,23,61,0,0,29,649,1749,8,2,2,6,4,7,11,9,6,2,6,1,2,6,8,0,7,13,2,3,20,7,1,14,8,34,0,0,19,60,29,67,5,5,21,3,37,109,39,23,9,30,28,70,1,22,3,12,1,34,17,0,12,8,0,2,0,58,20,5,13,3,55,33,66,0,0,0,3,1,0,0,12,9,0,33,165,0,0,0,0,1,4,19,0,15,17,17,11,9,12
03BR013,0,0,45,53,5,30,0,25,3,2,0,58,0,0,0,3,51,12,0,0,77,5,52,0,8,74,169,231,32,1,0,30,66,38,9,0,0,9,191,19,10,33,0,0,0,1,2,0,6,88,30,72,26,26,29,0,0,61,8,24,0,0,23,68,21,48,1,0,9,252,90,33,46,8,12,29,2,1,0,8,0,2,3,4,92,2,60,0,2,0,1,10,1,3,305,132,438,1,9,34,33,0,1,251,1,14,4,0,34,277,269,118,2,0,3,0,84,488,6,106,0,96,430,57,5,1,220,288,0,83,3,0,47,2,31,39,0,10,0,1,62,15,89,50,2,871,2,2,3,0,0,1,0,2,1,1,3,0,0,1,0,0,0,1,1,1,2,1,0,1,2,1,0,0,0,0,1,0,0,0,0,1,0,1,0,0,0,4,1,0,0,1,1,0,0,0,0,0,3,0,0,1,0,0,5,20,20,13,25,17,12,8,16,0,9,4,8,11,9,4,8,6,13,1,12,15,4,0,2,9,3,9,7,9,1,7,5,2,0,3,6,13,10,14,0,0,10,407,738,2,1,4,8,5,5,6,0,0,2,2,2,1,0,4,0,11,7,1,3,11,5,1,3,3,2,1,0,11,31,30,29,0,5,6,1,22,21,19,10,3,7,16,25,0,17,9,4,0,4,11,1,7,8,0,0,1,39,3,2,7,4,22,17,44,0,0,0,0,1,0,0,5,4,1,22,41,0,0,1,0,1,2,11,0,6,10,6,3,3,13
11BR004,2,0,3300,1679,1146,1419,8,503,188,167,0,139,0,1,0,601,491,0,9,0,345,164,4839,1,142,5294,3425,716,916,4,3,578,7191,610,232,643,1322,192,1487,324,180,2064,7,0,1,52,5,0,34,30,442,4176,13,3122,1263,2,2243,1873,1346,898,0,0,327,249,1258,240,31,1,21,5042,366,22,600,21,106,24,46,18,1,28,2,350,15,7,864,46,610,0,46,2,24,135,19,10,7719,1025,7141,9,454,20,132,5,5,9834,42,1111,578,2,63,3259,1767,3280,2,5,372,2,880,2759,90,1921,1,1017,5264,1343,0,12,6399,1965,514,6247,88,0,76,8,435,2050,18,111,7,2,2073,143,299,1295,666,981,2,1,2,3,0,1,1,0,4,0,1,1,0,2,0,1,0,0,1,1,0,5,0,0,5,1,1,0,0,0,0,0,1,0,0,1,1,1,1,1,0,0,0,1,0,1,0,0,1,0,1,0,1,0,2,0,16,11,8,29,29,18,21,12,25,17,20,8,20,8,18,11,13,9,2,9,15,1,10,21,17,1,3,7,3,12,1,17,3,6,9,3,0,5,23,6,3,12,0,0,21,508,940,10,3,4,6,8,6,14,3,2,2,6,0,1,2,5,5,5,14,2,2,9,17,3,5,5,4,3,0,13,36,16,59,10,5,4,16,30,60,50,13,11,14,26,42,0,21,6,15,0,13,11,2,20,11,0,0,0,30,18,1,11,1,32,26,204,0,0,1,3,0,2,1,52,18,3,370,175,0,0,3,0,6,1,20,0,18,28,27,26,13,22
01BR030,6,30,35635,5755,122,14263,14,1144,26,3332,688,328,19,4,5,66,97214,116,42,0,3618,53,759,0,61,1186,1646,5620,10925,2,1,33,666,687,207,161,62,426,8936,2959,81,125,2,1,0,8,5,4,55,56,274,311,4823,745,266,4,84,6510,225,1093,2,0,2840,297,1105,420,41,0,215,17436,13363,18,700,27,12,25,0,29,0,298,2,52,15,11,3551,37,218,0,29,0,31,71,5,31,30936,13257,49069,5,81,76,180,6,48,140274,12,114,10,0,2,821,4485,561,0,6,214,0,954,6391,4598,667,0,35,1581,427,233,32,3058,116283,0,9359,165,0,73,8,68,153,2,205,18,3,19774,28,361,545,58,1469,11,1,0,4,1,2,1,1,0,0,2,2,2,1,0,1,0,1,0,1,0,2,0,3,1,0,2,0,0,1,2,3,4,0,0,0,1,0,1,0,1,0,2,3,1,0,1,0,0,0,0,0,4,0,3,1,18,18,10,34,25,23,35,23,14,9,18,3,54,8,7,21,13,8,10,9,17,5,10,24,18,9,1,4,13,13,6,28,0,9,23,7,0,15,19,24,23,25,0,0,19,833,1098,17,3,9,15,15,19,20,6,6,2,8,2,2,4,13,6,3,12,1,4,8,31,7,10,3,1,2,0,11,41,16,65,0,18,23,3,79,107,35,17,18,31,15,37,0,9,9,20,0,10,26,2,20,18,1,0,0,47,12,2,6,3,58,25,64,0,0,0,1,1,1,0,11,5,1,228,117,1,1,3,0,3,9,25,0,24,16,13,6,19,27
15BR003,0,0,323,226,21,104,3,105,35,927,0,183,0,0,0,43,115,77,6,0,181,92,417,1,25,194,1345,528,147,0,1,180,217,118,84,9,48,75,399,90,79,195,4,1,0,1,2,0,8,101,127,439,89,214,111,1,152,421,53,0,1,0,193,141,157,1774,27,0,42,1191,113,78,616,12,143,23,37,18,2,86,0,3,4,27,83,163,2201,0,10,0,120,100,130,17,789,736,2039,0,30,60,115,1,2,1436,3,36,4,0,50,464,594,634,1,7,159,1,431,1377,100,393,2,276,805,134,2,6,364,1370,0,748,56,0,138,2,91,317,2,56,0,2,140,81,237,4,35,1170,7,2,0,1,2,0,0,0,3,1,5,0,0,0,1,2,0,0,0,1,0,5,0,1,15,0,1,0,0,1,1,7,4,2,0,0,1,0,1,1,0,0,0,3,0,1,0,0,2,0,0,0,6,0,2,1,3,8,5,5,10,16,29,7,4,7,16,5,14,3,5,10,9,15,10,8,9,1,7,30,5,2,3,2,4,12,2,17,0,3,5,3,0,10,14,10,11,8,0,1,8,456,560,11,3,6,15,12,20,21,0,1,2,3,0,0,0,8,2,4,11,0,0,3,8,5,5,7,3,9,0,7,14,12,34,0,14,9,2,37,37,31,10,11,9,16,21,0,7,6,18,1,2,21,1,15,7,1,0,0,39,1,0,6,2,43,4,14,0,0,0,0,0,0,0,3,6,0,37,55,1,0,0,1,1,8,26,0,11,9,7,11,8,4
01BR017,2,0,3503,454,339,3654,4,307,21,593,0,69,0,3,0,216,2799,226,4,0,741,245,4978,0,138,1208,3883,1786,652,2,0,250,1007,568,98,691,3,95,2283,229,577,325,7,0,0,35,1,1,21,158,341,1714,896,1867,69,0,1,2527,126,3603,4,0,344,431,966,1574,70,2,72,9594,343,38,1055,52,64,23,4,46,1,59,0,0,19,7,577,38,235,1,7,0,21,491,9,73,1778,2540,9688,2,139,45,139,0,13,23506,179,2649,617,2,86,1420,3849,1715,0,13,70,3,837,3579,136,3986,5,420,6886,1680,1,11,2248,1688,0,3078,91,0,78,85,149,368,84,84,6,1,3006,155,434,1652,22,887,1,3,0,1,0,3,0,3,1,1,0,2,2,2,1,0,1,1,0,1,1,1,0,2,0,0,2,2,1,0,0,3,1,1,0,0,0,1,0,0,0,0,0,1,0,0,1,0,0,0,0,0,5,0,0,0,2,13,3,20,20,18,20,6,19,7,18,0,15,7,5,12,5,9,6,5,9,1,6,12,21,4,0,4,3,3,3,12,0,5,7,4,0,4,6,19,8,13,0,0,16,477,526,6,6,1,6,3,4,17,3,0,1,4,0,0,3,6,0,3,11,1,1,6,6,2,7,3,1,1,0,12,15,14,28,0,4,7,10,14,32,38,6,5,12,12,25,1,9,1,9,0,3,8,2,19,9,0,0,0,26,9,3,9,3,19,31,70,0,0,0,0,1,1,1,14,18,1,29,84,0,1,0,0,0,2,16,0,16,14,16,4,11,21
11BR010,1,0,134,186,68,45,0,77,3,10,0,7,0,0,0,52,103,0,0,0,126,26,202,0,5,291,268,423,70,0,0,23,93,21,25,23,0,30,306,64,19,136,2,4,0,0,0,2,3,36,142,212,51,144,125,0,0,157,63,45,1,0,140,102,346,163,13,0,19,409,63,10,138,17,135,27,2,1,0,14,0,0,4,4,68,2,125,0,4,0,3,30,3,3,292,195,686,0,11,7,27,0,2,842,4,20,5,0,9,835,535,196,3,1,129,0,206,1130,335,406,0,198,494,144,0,1,260,425,0,382,61,0,41,0,15,171,2,25,1,3,129,74,121,85,19,671,1,1,2,1,0,0,1,3,1,2,0,0,1,0,1,0,0,2,1,1,0,1,1,2,1,1,1,0,0,3,0,0,2,1,2,1,1,1,2,0,0,1,1,2,1,0,0,0,0,1,1,0,1,0,1,0,6,8,1,8,27,6,7,3,10,6,1,3,32,15,8,6,5,8,2,5,10,0,2,8,6,0,1,3,1,4,2,15,0,4,3,2,0,6,8,11,5,12,0,0,5,205,507,5,1,1,8,6,2,7,2,0,4,2,2,1,0,8,1,2,5,0,1,8,7,2,2,7,1,0,0,5,11,9,24,0,1,2,2,22,20,12,13,8,6,13,10,0,4,3,2,0,3,7,2,5,2,0,1,0,12,7,1,1,1,18,9,71,0,0,1,2,0,0,0,13,16,3,40,75,1,1,0,0,1,3,10,0,10,17,21,11,4,12
01BR025,0,0,139,235,76,77,3,73,3,4,0,156,0,0,0,63,208,41,7,0,34,6,41,0,16,157,282,68,80,0,0,19,80,55,13,8,4,5,43,16,51,42,1,0,0,3,1,0,5,53,50,166,113,79,18,1,5,202,15,0,0,0,136,68,62,35,24,0,17,431,25,11,92,4,0,8,0,12,0,20,0,1,10,0,39,0,75,1,4,0,1,15,0,67,271,407,782,1,9,15,31,0,5,458,4,11,0,0,1,499,128,148,0,3,6,0,84,233,4,501,0,73,195,30,0,1,98,651,5,135,7,0,5,0,110,47,0,5,0,2,78,2,52,125,1,154,0,0,0,0,1,0,0,0,0,1,0,0,0,0,0,0,0,0,0,0,0,0,0,1,0,0,0,0,0,0,0,0,0,0,0,0,0,0,1,0,0,0,0,0,0,0,1,0,0,0,0,0,1,0,1,0,1,1,0,3,3,3,2,3,4,1,3,1,4,1,2,4,1,0,0,1,2,1,0,10,3,1,1,0,0,1,2,0,0,0,0,0,0,0,2,1,2,2,0,0,2,69,101,2,0,0,0,0,0,0,0,0,0,0,0,0,0,0,1,1,4,0,0,0,1,1,0,1,0,0,0,2,3,4,10,0,1,1,1,2,4,5,2,0,1,2,4,0,2,0,0,0,2,3,0,0,3,0,0,1,7,1,0,1,0,4,1,6,0,0,0,0,0,0,0,2,0,1,337,22,0,0,0,0,2,1,2,0,0,2,4,4,2,21
11BR032,0,0,671,571,245,587,29,384,63,14,0,435,0,0,0,31,438,179,6,0,280,341,1114,1,89,719,1839,947,636,5,1,66,440,417,218,13,321,81,1387,317,238,813,4,1,0,16,1,2,27,63,195,938,7,624,192,0,186,585,275,669,2,0,628,448,182,744,34,0,73,2679,313,51,212,37,83,167,134,31,0,60,4,6,18,10,154,31,986,2,82,1,25,419,120,166,2173,1066,4152,5,77,45,294,0,7,4156,99,105,219,0,101,1626,1221,1228,4,12,567,1,1025,1794,280,2047,4,934,1638,699,4,20,1096,1394,1,980,170,1,237,6,179,611,19,418,9,1,663,597,555,1233,129,712,2,0,0,0,1,0,0,0,1,0,1,0,0,2,1,0,0,0,1,0,0,2,1,1,0,0,1,0,0,0,0,2,1,0,0,0,0,0,0,0,0,0,0,1,0,0,0,0,0,0,0,0,1,0,0,1,6,3,2,7,10,11,7,8,13,4,17,0,12,5,3,5,2,4,2,1,5,0,1,8,5,0,1,5,1,5,3,18,0,7,7,2,0,3,12,14,8,16,0,0,10,172,359,5,1,0,4,4,5,3,3,1,3,3,2,0,0,4,2,2,3,1,0,4,4,1,0,0,3,0,0,4,16,13,30,0,4,3,2,14,18,5,13,8,4,1,21,0,4,3,2,0,6,3,3,5,4,0,0,1,8,13,0,3,0,16,12,25,0,0,0,2,0,1,0,7,5,0,56,61,0,2,0,0,0,1,12,0,7,8,11,5,4,8
22BR006,3,1,797,810,323,287,4,267,0,31,130,354,0,1,0,166,386,96,94,1,316,153,403,0,221,1525,2062,562,428,1,1,82,884,436,365,83,2,134,929,29,62,222,4,0,0,21,3,2,13,52,916,685,303,1509,171,2,1,1021,110,1227,0,1,676,141,70,488,23,0,61,3620,652,16,436,296,40,78,61,21,0,102,1,29,52,28,735,27,338,3,1047,0,29,101,13,41,2077,2191,4042,6,117,64,1894,1,7,2601,29,36,57,1,15,1508,303,339,0,1,124,0,387,3194,305,1029,0,276,5121,126,3,5,1239,1190,0,561,18,0,201,3,38,421,76,179,3,3,726,70,61,273,91,808,1,2,2,3,0,2,0,0,2,0,0,1,0,0,1,0,0,3,0,0,1,0,2,1,5,2,1,2,0,2,1,1,2,2,2,1,2,0,1,0,0,0,0,1,0,0,0,0,0,2,1,0,3,2,2,2,0,3,4,9,17,9,12,6,4,5,13,0,13,9,0,6,2,17,1,6,3,3,9,19,6,3,2,5,0,17,5,7,0,5,6,4,0,5,11,15,7,8,0,0,12,310,366,6,0,3,11,9,8,20,2,1,0,0,1,0,1,4,2,5,1,0,2,5,13,2,4,1,4,2,0,13,17,6,32,0,6,3,1,9,2,25,4,8,5,5,27,1,6,4,3,0,8,13,0,13,11,0,0,2,88,4,1,4,1,20,8,24,0,0,0,0,0,0,0,4,4,2,16,25,0,0,0,0,0,1,3,0,1,5,9,7,3,5
03BR002,3,0,54,67,26,22,1,52,5,4,0,14,0,0,0,15,41,12,0,0,24,18,72,0,1,67,170,101,34,0,0,13,94,68,23,10,31,17,173,33,16,102,0,0,0,2,0,0,2,13,31,58,38,68,5,0,17,51,22,0,0,0,46,59,60,35,0,0,9,182,16,10,79,13,12,18,13,1,0,8,0,4,2,3,54,4,103,0,12,0,2,37,4,4,193,82,339,0,7,9,23,0,0,295,17,5,11,2,4,134,95,72,0,1,42,0,133,494,17,81,0,159,127,24,1,3,103,85,0,42,7,0,17,0,7,36,7,9,0,3,48,41,30,83,9,89,0,2,0,0,1,0,0,0,0,0,0,0,0,0,0,0,0,0,0,0,0,0,0,0,0,0,0,0,0,0,0,0,0,0,0,0,0,0,0,0,0,2,0,0,0,0,1,0,0,0,1,0,0,0,0,0,0,2,0,1,5,1,1,0,1,1,0,7,9,0,1,1,0,4,0,0,1,0,1,2,0,1,0,0,0,1,1,1,0,0,0,0,1,1,3,1,1,2,0,0,1,33,66,2,0,0,1,0,0,1,1,0,0,0,0,0,0,0,0,2,2,0,0,1,2,0,1,0,1,0,0,1,3,3,6,0,1,0,1,1,1,1,2,1,1,3,5,2,3,2,1,1,2,1,2,2,2,0,0,0,3,11,0,0,0,2,2,5,0,0,0,0,0,0,0,0,0,1,11,9,0,0,0,0,0,0,0,0,2,3,3,0,2,1
14BR008,0,0,253,581,145,13,6,103,45,135,15,194,0,0,0,15,183,37,78,0,139,183,655,0,20,366,1585,812,272,0,0,79,779,131,88,44,2,74,1123,206,89,652,3,0,0,19,0,0,19,91,82,337,1,350,68,0,0,299,316,0,0,0,130,77,352,258,21,0,14,1453,127,50,381,22,7,42,1,13,0,12,1,0,7,7,244,16,341,0,24,0,9,123,6,15,1301,453,1414,2,22,4,84,0,0,1997,33,66,58,0,17,643,296,308,3,2,233,0,725,2539,40,545,0,433,371,24,14,28,258,385,0,354,15,0,15,0,179,345,0,154,0,7,335,165,520,374,31,285,0,0,0,0,5,0,0,0,0,0,0,0,0,0,0,0,0,0,3,0,0,0,0,0,0,0,0,0,0,0,1,0,0,0,4,0,3,0,0,0,0,0,0,0,1,0,0,0,0,0,0,0,2,0,3,0,4,8,0,0,11,0,4,2,3,0,12,1,6,0,2,0,6,0,1,4,0,0,2,1,2,0,0,3,4,1,0,3,0,0,1,9,0,4,1,3,4,0,0,0,0,179,235,0,0,0,4,1,7,1,0,0,0,1,0,0,0,11,0,5,0,0,0,0,0,0,0,10,9,0,0,0,8,4,13,0,0,6,0,7,11,7,11,0,2,0,10,0,0,0,5,0,6,1,0,4,6,0,0,0,4,0,0,0,0,7,1,8,0,0,0,0,3,0,0,2,0,0,16,0,0,0,0,0,0,0,0,0,0,8,4,0,0,2
11BR060,1,0,447,23,26,631,2,1502,4,32,0,34,0,0,0,19,717,38,6,0,469,391,431,1,341,449,2911,353,101,1,0,15,900,197,678,10,224,206,297,30,11,138,9,0,0,17,3,0,3,6,28,258,48,990,5,0,338,642,1763,174,0,0,117,96,12,57,20,0,40,1039,27,22,13,38,21,8,10,19,0,59,0,5,13,2,58,29,537,0,17,0,18,967,34,8,2424,3046,3126,0,397,61,51,0,39,4687,15,8,2,0,17,1025,1264,141,0,0,156,0,585,1680,3,594,0,43,1164,10,0,2,226,3159,0,3085,3,0,1,4,24,93,3,18,6,3,469,22,36,39,388,380,0,0,0,0,0,2,0,0,1,1,0,0,1,0,0,0,0,3,0,1,1,3,1,0,0,2,1,1,2,0,2,1,1,1,1,2,0,1,0,0,0,0,1,5,1,0,0,0,0,0,0,0,1,0,1,3,2,4,1,6,9,6,6,3,4,2,2,1,10,2,7,2,4,4,6,2,4,0,4,8,1,1,1,0,1,0,1,6,0,1,0,3,0,1,11,10,3,2,0,0,14,121,335,4,1,1,1,2,1,0,2,1,0,1,1,0,1,2,0,2,6,0,0,0,2,2,2,7,5,0,0,2,12,4,25,0,1,5,0,6,11,20,5,3,6,7,5,0,6,1,2,0,3,5,4,6,2,0,0,0,14,6,0,2,0,1,8,23,0,0,0,0,1,0,1,3,4,0,29,28,0,0,0,0,0,1,9,0,4,15,11,6,4,1
11BR040,0,0,184,336,38,2,5,112,10,46,0,97,0,1,0,4,69,18,0,0,68,20,90,0,23,267,379,501,153,1,0,118,141,464,20,11,23,29,212,47,13,37,0,0,0,2,0,1,7,41,88,139,0,226,39,0,39,175,52,0,1,0,224,121,78,198,14,0,27,696,69,35,215,21,25,16,14,8,0,20,0,0,2,1,32,15,585,0,8,0,18,22,15,3,400,259,941,1,11,15,32,0,0,751,2,15,16,0,30,611,373,548,0,0,42,0,158,501,118,544,0,105,241,54,1,0,349,260,0,270,12,0,23,4,47,115,0,45,11,3,440,20,57,119,2,278,1,0,0,0,0,0,0,0,1,0,1,1,0,1,1,0,0,0,0,0,0,1,0,0,1,0,1,0,0,0,0,1,1,1,0,1,0,0,0,0,0,0,0,2,0,0,0,0,0,0,0,0,0,0,0,0,3,2,0,3,5,2,3,4,1,3,1,2,3,1,0,4,2,3,0,0,0,0,1,2,12,2,0,1,0,2,1,5,0,3,3,2,0,3,7,3,2,3,0,0,7,85,251,0,2,1,0,4,2,3,0,0,0,0,0,0,0,3,1,2,5,0,0,1,1,1,0,0,0,0,0,6,4,6,11,0,1,3,0,6,17,11,9,4,1,8,3,0,5,1,2,0,4,3,0,4,0,0,1,0,15,4,2,2,0,9,4,15,0,0,0,1,0,1,1,2,11,0,11,25,0,0,0,0,0,1,5,0,6,3,7,10,3,0
06BR006,2,0,868,320,328,826,51,599,81,335,1,125,0,1,6,176,453,234,19,0,580,155,531,1,202,672,1887,616,374,4,4,45,309,269,77,68,319,113,532,286,158,484,8,2,2,41,1,4,50,36,296,870,562,1538,34,2,616,1079,133,0,0,0,369,442,609,288,110,0,169,3903,376,65,1734,46,14,104,14,107,1,211,11,63,26,26,378,45,217,2,31,5,85,1083,14,39,2932,1167,4774,6,87,57,229,1,13,4175,37,316,71,11,129,1783,1060,1303,8,3,40,0,1499,3762,229,2091,5,752,2076,529,23,17,1105,2581,0,1432,99,0,319,294,88,266,3,351,8,4,539,276,274,356,47,594,2,0,1,1,0,0,2,0,2,0,1,0,1,0,0,1,0,1,0,0,0,1,0,1,1,1,0,0,0,1,1,1,4,0,0,1,0,1,1,1,0,0,1,1,0,0,0,0,0,0,1,1,1,0,1,1,5,8,1,12,15,7,16,5,6,5,7,3,20,7,3,10,2,4,1,7,8,1,12,3,3,2,2,3,3,4,3,10,0,2,3,3,0,5,16,11,3,7,0,0,14,331,398,10,1,10,5,11,8,5,4,0,1,1,0,0,0,1,0,1,8,0,2,4,6,5,2,1,2,2,0,11,44,9,22,0,6,5,2,14,6,8,16,6,4,6,23,0,16,1,5,0,14,11,2,6,1,0,0,0,14,9,2,8,0,12,6,55,0,0,0,7,1,0,0,3,4,2,459,132,2,0,0,0,5,5,20,1,11,13,12,2,10,17
11BR023,1,0,858,328,435,1459,1,991,32,191,245,615,2,1,0,34,729,136,1791,0,293,86,2535,0,102,1413,1945,813,2850,1,8,66,1967,375,268,3,89,47,503,43,52,370,6,1,0,9,0,1,28,31,337,181,170,529,116,0,535,520,382,8,0,0,707,443,630,332,16,0,11,2153,7089,32,563,267,8,46,1,10,0,22,0,19,3,6,112,19,213,3,4,0,9,53,4,261,4265,989,3001,4,36,6,253,2,4,8375,146,22,14,0,52,914,617,366,0,2,92,0,535,2496,58,1043,35,286,3271,1233,190,787,597,1532,1,244,103,0,190,4,303,1129,6,164,3,1,338,54,131,2,50,1245,0,1,0,0,1,1,0,1,0,1,0,1,2,0,0,0,0,0,0,1,0,3,0,3,1,0,0,0,0,1,0,2,2,0,1,1,1,1,1,0,1,1,1,3,0,0,0,0,0,0,2,1,0,0,3,3,6,4,8,30,38,26,34,20,12,14,23,3,28,9,6,11,7,15,9,13,15,13,14,29,19,3,1,13,2,18,11,29,4,3,4,12,0,7,21,29,11,22,0,0,19,560,1048,12,1,3,12,12,7,11,2,3,2,5,0,0,2,8,11,1,11,2,0,7,17,1,46,4,4,0,0,13,38,18,67,0,9,9,3,41,8,36,16,5,7,10,47,1,12,6,26,0,12,15,0,17,23,0,0,2,26,10,0,8,3,50,46,79,0,1,0,1,0,0,0,16,33,1,77,86,0,0,0,0,1,3,29,0,14,14,11,3,5,17
01BR015,1,0,250,328,23,171,3,58,12,35,4,27,1,0,1,116,105,54,7,0,63,17,208,1,15,133,259,118,69,0,1,6,102,107,15,2,53,3,68,3,7,212,0,0,0,9,3,0,3,8,61,375,33,143,12,0,42,83,21,0,0,0,63,132,45,78,8,0,9,497,59,5,140,5,19,72,26,3,0,10,1,35,3,0,22,12,85,1,4,0,3,10,4,10,359,130,672,2,8,5,18,1,5,366,7,9,11,0,32,565,456,462,1,1,8,0,64,768,35,556,1,158,441,30,4,8,60,380,3,327,16,0,32,1,11,41,10,5,6,4,211,25,62,37,9,568,3,0,0,0,2,0,1,1,0,1,1,0,0,2,0,0,0,0,0,0,0,1,0,0,2,1,0,1,0,0,1,1,0,0,0,1,0,1,0,0,0,1,0,0,1,0,0,1,1,2,1,0,0,0,1,0,1,5,9,3,5,12,12,3,4,2,5,0,14,2,4,6,5,6,3,2,7,5,3,3,6,1,0,3,3,2,3,8,1,3,4,2,0,2,10,2,9,17,0,0,16,219,529,1,1,0,4,4,4,3,2,1,1,2,0,0,0,6,0,0,3,0,1,0,2,1,1,1,1,0,0,5,13,6,16,0,3,3,1,7,24,22,5,3,19,10,9,0,11,2,4,0,3,10,2,3,3,0,0,1,19,1,1,0,0,11,7,18,0,0,0,1,0,0,0,5,2,0,24,43,0,0,0,0,0,1,6,0,4,8,15,8,1,8
01BR010,0,0,522,725,98,2,2,37,0,40,111,200,1,0,0,77,95,7,4,0,104,3,144,0,33,252,433,131,116,0,0,33,90,127,2,9,1,7,169,15,9,67,0,0,0,11,0,0,8,16,40,566,9,95,85,0,1,273,36,0,0,0,130,34,38,168,122,1,91,812,97,52,164,18,42,10,5,87,0,192,0,3,7,1,32,23,93,1,5,0,44,265,37,13,394,295,1124,0,31,62,294,0,0,678,49,25,103,0,8,789,132,195,0,3,13,0,207,558,7,242,0,68,952,161,2,1,829,606,0,253,16,0,323,0,17,75,5,27,7,2,454,6,78,366,6,334,0,0,0,0,0,0,0,0,0,0,2,0,0,0,0,0,0,0,0,1,0,0,0,1,0,0,0,0,0,0,0,1,0,0,0,0,0,0,0,0,0,0,0,1,0,0,1,1,0,1,0,0,1,0,0,1,0,0,0,1,9,2,5,5,1,2,8,0,0,2,2,7,0,0,1,2,6,1,0,1,4,0,0,4,0,2,4,8,0,1,0,1,0,2,2,4,7,4,0,0,2,145,232,2,2,2,2,2,2,4,0,1,0,1,0,0,0,3,0,1,7,0,0,0,9,1,0,3,0,0,0,1,11,7,15,1,5,3,0,3,7,6,6,7,3,5,12,0,2,1,0,0,5,0,0,9,4,0,1,0,4,1,2,2,0,7,4,11,0,0,0,0,0,0,0,1,2,1,17,9,0,0,0,0,0,0,8,1,1,2,4,2,0,2
11BR055,0,0,20,6,0,49,4,89,4,23,11,19,0,0,0,4,18,7,17,0,5,1,65,0,1,38,100,104,39,0,0,0,69,30,23,1,14,7,146,30,16,137,0,0,0,1,0,0,1,20,16,0,32,55,11,0,15,67,14,1,0,0,26,19,37,18,0,0,2,304,32,6,78,2,0,4,0,0,0,3,0,4,0,1,72,3,51,0,4,0,2,8,1,0,117,72,446,0,2,1,9,0,0,221,15,0,0,0,1,81,76,55,0,1,31,0,99,309,12,143,1,42,86,2,4,0,74,96,0,43,7,0,0,1,9,13,7,14,0,6,30,22,10,36,12,343,0,0,0,0,0,1,0,1,0,0,0,0,1,0,1,2,0,0,0,0,0,0,0,0,0,0,0,0,0,0,0,2,2,0,0,1,0,2,1,0,0,0,0,0,0,1,0,0,0,0,0,0,1,0,0,1,1,2,0,4,2,5,7,3,3,2,3,17,5,0,0,3,0,2,2,0,1,2,4,1,0,0,1,2,2,3,0,7,0,4,0,1,0,2,3,7,3,8,0,0,2,119,286,1,0,0,4,1,2,2,2,0,1,0,1,1,0,4,0,1,4,0,2,4,2,1,0,3,1,0,0,4,20,1,16,0,3,1,1,6,8,5,1,1,3,3,2,0,7,0,2,0,1,5,0,5,6,0,0,0,19,10,0,1,0,16,3,19,0,0,0,0,1,0,0,6,2,0,128,20,1,0,0,0,1,1,5,0,2,4,5,3,4,5
01BR043,0,0,5911,8,1853,1258,6,531,4,101,3,125,0,0,0,32,78,726,5,2,1077,60,882,0,24,930,9735,582,3095,1,0,1,611,114,159,308,131,36,389,21,326,2796,2,0,0,181,3,1,7,33,4325,2907,1162,537,43,3,144,2697,653,5,0,0,4070,62,967,1319,773,10,326,4437,120,20,178,970,235,26,73,573,38,701,0,2,21,10,44,39,504,142,18,1,64,48,148,2134,902,3220,2809,1,86,574,343,1,10,36839,33,54,168,1,241,322,211,2072,9,1,9,0,108,6052,31,470,0,159,3333,577,4,3,6529,1993,0,3131,163,0,139,11,28,59,25,204,105,4,251,22,274,9775,116,1341,2,0,1,3,1,0,0,1,0,0,1,2,1,0,2,0,0,1,4,0,0,3,0,2,0,0,1,0,1,2,0,2,1,0,0,0,1,2,1,0,0,1,4,1,0,1,1,0,1,0,2,1,2,0,1,2,3,14,24,9,60,16,28,27,29,22,48,0,45,7,8,13,1,10,4,6,23,11,4,15,14,4,2,14,12,9,2,46,0,4,17,6,0,3,35,19,13,16,0,0,18,759,1771,22,1,5,14,7,5,13,8,2,7,12,0,0,4,7,0,3,8,43,3,11,31,1,19,12,15,0,0,33,28,36,85,5,0,4,3,95,244,16,10,5,6,9,32,0,18,2,20,0,10,6,2,78,14,0,0,0,24,16,2,25,6,41,49,106,0,0,1,2,2,2,0,26,13,10,65,216,0,0,0,0,3,13,34,0,27,26,44,28,6,24
09BR007,2,0,402,163,290,179,1,132,9,107,0,78,0,0,0,362,266,148,3,0,317,184,445,0,13,294,1270,771,181,0,1,24,13573,330,81,50,32,29,327,6,12,332,1,1,0,6,4,0,6,360,455,1173,597,1613,4,0,386,356,29,302,0,0,176,565,204,163,35,0,140,1676,161,14,834,26,3,15,0,21,0,168,0,6,12,4,110,10,11567,7,23,1,18,28,439,93,1359,844,1932,1,32,49,40,0,5,763,2,4,0,0,46,3887,302,599,7,1,8,0,326,1185,25,613,1,195,433,539,0,2,1211,1752,0,545,42,0,168,7,0,866,3,650,3,2,512,181,54,246,250,525,0,0,1,3,0,2,1,1,3,2,3,2,1,1,0,2,0,0,0,0,0,4,0,0,0,0,2,0,1,1,0,2,2,2,1,3,0,0,1,0,0,0,0,0,0,1,0,0,0,0,0,0,2,0,0,0,0,5,1,7,12,2,5,3,11,3,11,13,24,3,2,12,7,6,3,2,4,2,0,2,5,0,0,5,4,3,4,6,1,1,4,1,0,1,5,6,3,5,0,0,7,243,532,3,0,4,2,6,1,8,2,1,2,0,0,1,2,2,0,11,5,1,1,2,3,2,1,1,1,0,0,6,22,13,15,0,2,2,0,12,0,8,12,8,12,22,10,1,5,1,6,0,10,14,3,12,2,0,0,0,74,7,0,4,3,16,5,5,0,0,0,0,0,0,0,3,1,2,11,33,0,0,0,0,1,2,11,0,1,4,7,5,6,1
18BR007,1,2,493,1103,535,254,26,127,38,327,43,221,0,2,1,222,657,61,74,0,201,76,507,2,25,708,958,519,607,1,1,42,746,272,95,42,367,37,765,66,95,372,3,0,1,6,3,1,21,10,387,544,142,787,71,0,132,619,108,260,2,0,204,299,373,455,99,0,61,2965,406,26,417,26,20,46,1,63,1,104,4,1,52,7,187,19,321,5,20,0,24,217,18,169,1475,914,2935,0,31,33,323,0,10,2235,20,57,17,0,178,2025,450,421,3,3,5,6,482,2282,147,976,7,628,896,141,5,4,1171,1219,1,389,32,0,137,1,145,139,15,86,8,0,575,241,139,171,10,534,1,4,0,1,0,1,2,0,0,0,3,1,1,1,0,0,0,0,0,0,2,0,1,0,1,0,0,0,0,3,1,1,0,0,0,0,0,0,0,0,0,0,0,1,0,0,0,0,0,0,0,0,0,0,2,0,1,1,2,6,11,12,10,15,15,4,37,3,16,2,9,8,5,9,4,4,5,3,4,3,2,1,1,2,2,4,3,8,0,2,7,5,0,0,4,12,0,7,0,0,6,186,597,2,0,6,9,13,9,8,2,2,1,3,1,0,1,6,4,6,5,1,1,8,5,0,1,1,5,0,0,2,13,13,22,0,1,6,4,16,11,24,14,2,12,16,22,0,76,6,2,0,6,7,2,3,1,0,0,0,21,5,2,3,0,11,4,10,0,0,0,0,0,1,0,3,0,1,42,54,0,1,0,0,1,4,15,0,7,5,5,7,8,8
13BR009,0,0,11,5,3,3,0,2,0,1,0,1,0,0,0,0,1,1,0,0,0,0,5,0,0,7,11,15,1,0,0,0,3,1,1,0,0,0,7,2,2,2,0,0,0,0,0,0,1,2,0,4,8,1,1,0,2,5,0,0,0,0,2,1,6,3,0,0,0,25,0,0,9,0,0,0,0,0,0,0,0,0,0,0,2,0,4,0,1,0,0,2,0,0,18,4,13,0,0,0,0,0,0,14,0,0,1,0,2,14,9,1,1,1,0,0,7,35,0,18,0,5,14,1,0,0,6,4,0,0,0,0,0,0,5,3,0,4,0,0,6,1,4,0,0,184,0,0,0,0,0,1,0,0,1,0,1,0,0,0,0,0,0,0,0,1,0,0,0,1,0,0,0,0,0,0,0,0,0,0,0,0,0,0,0,0,1,0,0,0,0,0,0,0,0,0,0,0,0,0,0,0,0,1,0,0,1,2,8,0,2,2,2,2,7,0,0,0,0,1,0,1,0,0,0,0,0,3,0,2,1,0,0,1,0,3,0,1,0,0,1,2,2,4,0,0,1,77,84,2,0,0,2,1,4,0,1,0,0,0,1,0,0,1,0,0,2,0,0,0,1,0,1,0,1,0,0,2,5,2,3,1,1,0,1,5,2,1,1,1,1,1,2,0,2,0,0,0,2,0,0,1,0,0,0,0,0,3,0,1,0,0,1,6,0,0,0,0,0,0,0,0,0,0,11,8,0,0,0,0,0,2,2,0,1,1,0,3,0,0
11BR013,0,0,51,18,23,91,10,76,7,3,0,16,0,0,0,6,87,10,3,0,76,19,144,1,12,94,300,31,88,1,0,5,266,73,22,7,0,18,151,35,44,115,1,1,0,6,2,0,5,3,15,89,61,85,40,0,0,70,30,1,0,0,39,50,439,76,6,0,7,293,12,8,117,8,1,9,3,2,0,7,0,1,0,8,155,4,93,0,4,0,5,22,4,10,408,149,555,0,10,2,41,0,2,400,10,13,5,0,11,190,121,89,0,0,51,0,170,595,12,305,1,252,136,95,3,2,107,209,0,115,25,0,15,37,4,51,0,18,0,0,85,39,69,78,0,177,1,0,1,0,1,0,0,1,0,0,0,0,0,0,0,1,0,0,1,0,0,0,0,0,0,0,1,0,0,0,0,0,0,0,0,0,0,0,0,0,0,0,0,0,0,1,0,0,0,0,1,0,0,0,1,0,0,3,2,5,2,4,6,1,0,2,1,2,7,2,0,4,5,0,0,2,0,4,0,2,3,1,0,0,0,0,1,1,0,0,2,1,0,0,2,3,3,5,0,0,1,130,138,1,0,0,1,2,1,3,0,0,0,1,0,0,0,0,0,0,1,0,0,2,2,0,1,0,0,0,0,2,0,2,12,2,0,1,1,2,8,5,5,1,0,14,15,0,2,1,3,0,0,6,0,5,4,0,1,0,8,4,0,1,1,9,3,10,0,0,0,0,0,1,0,1,2,0,84,21,0,0,0,0,2,0,4,0,1,6,0,2,1,10
18BR006,0,0,365,379,52,35,0,103,0,392,65,464,0,2,1,157,272,57,5,0,124,5,74,0,27,262,895,479,176,0,0,11,267,118,59,2,33,35,156,6,12,61,0,0,1,3,0,0,4,88,135,420,648,217,159,1,121,653,32,0,0,0,280,117,83,248,30,0,49,1127,90,1,144,10,21,11,0,26,0,63,0,0,4,1,81,20,101,0,4,0,32,47,8,27,865,571,2003,3,15,27,137,0,1,1372,6,30,2,0,21,475,417,287,0,2,10,0,355,924,1,1171,0,82,457,111,3,9,423,698,0,269,89,0,4,1,4,148,0,32,1,2,99,50,56,0,18,405,2,0,0,0,1,0,0,0,0,1,0,0,1,0,1,0,0,0,0,0,0,0,1,0,1,2,3,0,0,0,0,1,1,0,0,0,1,0,0,0,1,0,0,3,0,0,0,0,0,0,1,0,1,0,0,0,0,1,1,3,6,4,6,1,4,2,8,2,8,1,3,6,3,1,1,4,7,0,3,9,1,0,2,2,1,4,1,4,0,1,3,3,1,2,9,7,0,7,0,0,3,199,280,8,0,2,2,3,2,1,2,3,1,1,0,0,2,7,0,1,3,2,0,0,3,0,4,3,2,0,0,9,15,7,15,1,2,4,2,10,17,5,9,3,4,3,14,0,4,0,7,1,5,2,0,5,2,1,0,0,36,15,1,0,0,12,4,15,0,0,0,1,0,0,0,5,4,1,18,29,0,0,2,0,0,1,3,0,1,17,6,14,5,4
05BR003,0,0,668,356,119,162,8,173,24,30,0,16,1,1,1,50,350,98,20,0,169,42,434,0,19,359,636,217,220,1,0,38,165,123,72,17,2,45,645,91,29,402,3,0,3,15,3,2,10,43,140,403,78,358,58,0,0,401,63,0,9,0,124,231,121,288,17,1,29,853,181,29,409,16,3,29,1,36,0,51,1,8,7,4,306,27,332,0,9,1,31,81,9,21,818,311,1936,1,21,13,82,1,5,961,4,18,20,1,11,447,293,409,2,5,225,0,431,1332,29,599,0,132,1405,38,4,3,351,450,0,430,25,0,27,15,89,188,31,52,5,1,215,69,195,253,6,325,1,0,0,0,0,0,1,0,2,0,0,1,0,0,0,3,0,0,1,0,0,1,0,1,0,0,0,0,2,0,1,0,1,0,0,1,1,0,0,0,0,0,0,1,0,0,0,0,0,0,2,0,4,0,0,0,1,3,3,7,5,14,3,3,4,2,6,2,3,3,1,4,2,3,1,4,1,4,2,4,1,3,0,1,1,8,1,5,0,2,3,2,0,2,2,4,2,5,0,0,6,159,187,6,0,4,2,4,2,5,0,0,1,0,0,0,0,2,0,2,2,0,0,1,2,0,1,11,3,0,0,1,9,6,11,0,1,1,2,7,16,8,7,2,0,5,6,1,0,0,6,0,2,5,2,8,3,0,0,0,15,7,0,1,1,14,7,13,0,0,0,0,0,0,1,7,2,0,31,34,0,1,0,0,1,4,6,0,7,6,6,5,4,5
604,0,0,2193,380,22,10,0,73,0,14,11,28,0,0,0,16,48,11,13,2,27,10,100,0,24,60,313,141,266,0,1,13,702,58,23,2,1,7,224,5,1139,81,1,0,0,7,0,0,2,8,71,127,8,133,29,0,1,156,8,1,0,0,119,57,92,44,20,0,66,476,18,3,42,27,55,7,45,22,0,138,0,6,5,0,46,17,41,0,13,0,35,46,13,3,251,157,1004,0,38,33,180,2,0,1697,7,90,13,0,8,102,1470,88,0,1,2,0,35,374,39,147,1,263,303,589,1,2,264,74,1,130,6,0,87,0,13,8835,0,9,7,1,53,11,15,16,2,386,0,0,0,0,1,0,0,0,1,0,0,0,0,0,0,0,0,0,1,0,0,1,0,1,0,0,0,0,1,0,0,0,0,2,0,0,0,1,0,0,0,0,0,0,0,1,0,1,0,0,1,2,0,1,0,1,1,0,0,3,5,4,5,3,1,6,9,0,7,0,0,3,0,0,1,1,3,0,1,6,3,0,0,3,1,4,3,4,0,0,0,1,0,2,4,1,1,12,0,0,2,270,305,3,0,0,0,0,0,0,0,0,0,0,2,0,0,0,0,3,3,0,0,1,2,0,3,4,0,0,0,4,3,6,9,1,1,3,4,6,5,1,7,3,3,6,5,0,6,2,3,0,4,1,1,2,2,0,0,0,11,0,1,0,0,9,2,31,0,0,0,0,0,0,0,8,0,0,5,34,0,0,0,0,0,0,14,0,0,4,6,0,1,2
11BR014,0,0,175,327,87,2,8,116,14,29,18,78,0,0,0,29,86,25,25,0,113,63,319,0,16,128,367,367,147,0,1,42,114,52,64,19,29,44,337,63,44,326,3,0,1,11,0,0,13,50,93,188,4,196,73,1,42,1082,89,0,1,0,81,89,141,118,8,0,24,1764,103,12,176,10,8,19,1,14,0,31,0,17,12,7,147,4,141,1,10,2,5,102,1,21,530,243,1103,0,15,6,75,0,4,991,38,25,31,0,33,396,322,184,0,3,58,0,328,809,21,632,0,246,690,270,5,9,261,436,0,389,71,0,57,0,8,59,6,69,1,0,215,49,165,148,9,424,3,1,1,0,1,1,0,1,0,0,1,0,0,0,1,0,0,0,0,0,0,0,0,0,2,1,0,0,1,0,0,0,2,0,0,0,0,0,0,0,0,0,0,1,0,0,0,0,0,0,1,0,0,0,0,1,2,7,1,2,8,1,6,5,3,4,5,2,16,2,2,5,1,6,2,4,4,5,4,6,2,2,0,3,2,3,3,6,0,2,1,1,0,4,8,6,9,10,0,0,6,237,434,6,0,1,3,4,2,6,0,1,1,2,0,0,2,3,2,1,7,1,1,4,2,2,1,2,2,1,0,4,21,13,20,0,3,2,0,10,7,12,9,2,8,11,9,0,8,0,3,0,3,6,1,5,1,0,0,0,44,7,3,3,0,17,3,37,0,0,0,2,0,0,0,5,7,0,20,21,1,0,0,0,0,0,7,1,8,13,8,6,3,2
09BR005,0,0,3,1,5,3,3,4,2,0,0,3,0,0,0,2,2,3,0,4,7,0,4,0,0,3,11,3,5,0,0,1,4,2,4,0,3,0,9,1,1,13,0,0,0,0,0,0,0,1,1,22,4,1,9,0,6,9,1,0,1,0,3,1,5,1,0,0,0,8,4,0,2,0,0,1,0,0,0,1,0,0,1,0,2,0,0,0,0,0,0,1,0,0,7,6,50,0,1,0,14,0,0,19,1,0,0,0,0,7,20,3,1,1,0,0,3,5,0,12,0,0,5,0,0,1,7,3,0,5,1,0,0,0,0,0,0,0,0,5,2,1,2,7,0,182,1,0,0,0,0,0,0,0,0,0,0,0,0,0,0,0,0,0,0,0,0,1,0,1,4,1,0,0,0,0,0,0,0,0,0,0,0,0,0,0,0,0,0,1,0,1,0,0,0,0,0,0,0,0,0,0,0,1,0,0,1,2,4,2,0,6,3,5,4,0,0,0,0,0,0,0,2,0,1,2,1,0,0,1,1,1,0,0,0,0,0,2,0,0,0,3,0,1,0,0,0,38,42,0,0,0,0,0,0,1,0,0,1,0,0,0,0,0,0,0,0,0,0,0,1,0,2,0,0,0,0,0,1,2,2,0,0,0,0,1,1,2,0,2,0,3,1,0,2,0,0,0,1,1,2,3,0,0,0,0,44,4,0,0,0,5,5,3,0,0,0,0,0,0,0,2,0,0,187,26,0,1,1,0,1,1,1,0,1,2,0,2,2,4
11BR073,5,0,3872,1721,368,1834,38,1971,39,1015,267,2720,0,2,0,1805,2159,7654,1721,2,420,17,13737,0,8,4870,3390,4454,3817,1,1,89,329,681,190,65,5981,127,1004,88,12048,1597,18,0,0,56,2,3,41,723,968,2535,670,704,413,11,3620,3535,1775,6,0,0,388,446,895,851,907,1,565,6863,1941,124,2250,51,27,19,2,1001,3,475,0,3,20,13,220,52,3711,13,5,3,53,854,148,642,10367,2179,10627,4,158,77,987,2,54,32720,44,114,16,0,348,5882,1368,6835,4,14,103,0,5549,4304,9,1964,0,501,4796,947,14,3,1586,29772,14,1139,1122,0,452,0,28,190,0,119,22,2,1193,182,157,920,1444,1721,2,1,3,2,0,0,1,0,3,0,5,2,0,0,0,1,0,0,1,0,2,1,1,1,2,2,3,0,0,0,0,0,0,0,0,1,0,0,2,0,0,0,1,5,0,0,1,1,2,0,0,1,1,1,4,0,3,17,12,30,42,36,33,12,32,11,49,3,45,14,14,28,20,13,10,14,33,18,10,28,21,6,1,19,12,28,2,25,1,12,11,5,0,3,23,27,18,28,1,0,27,900,1911,22,3,6,18,17,9,26,3,6,2,4,2,0,4,5,2,5,14,4,3,18,21,2,25,14,9,2,0,22,64,38,74,0,11,21,4,48,57,32,28,2,40,34,66,1,31,8,15,0,29,21,2,47,24,0,0,1,45,29,3,10,3,36,25,294,0,0,0,3,0,0,0,106,14,14,125,195,0,0,0,1,1,3,29,0,21,37,43,17,18,28
01BR032,0,0,17,1,2,67,0,0,0,1,0,0,0,0,0,0,68,0,0,0,1,0,3,0,2,1,123,46,0,0,0,0,2,5,0,0,0,7,1,0,1,9,0,0,0,0,0,0,0,0,2,13,0,6,0,0,0,4,1,0,0,0,3,0,1,0,0,0,1,9,0,0,2,1,0,0,0,0,0,1,0,0,53,0,1,0,5,0,0,0,0,1,0,0,7,7,14,0,0,0,0,0,1,29,0,1,0,0,0,12,18,126,1,0,1,0,6,404,3,8,0,1,10,3,0,0,447,7,0,2,0,0,1,0,0,1,0,0,0,2,1,0,1,0,0,130,0,0,0,0,0,0,0,0,0,0,0,0,0,0,0,0,0,0,1,0,0,0,0,0,2,0,0,0,0,0,0,0,0,0,0,0,0,0,0,0,0,0,0,0,0,0,0,0,0,0,0,1,0,0,0,0,0,1,1,0,1,0,0,2,0,0,1,1,1,1,0,0,0,0,0,0,0,0,0,0,2,0,0,0,0,0,0,0,0,0,0,0,0,1,0,0,1,0,0,0,1,33,27,1,0,1,0,0,2,1,0,0,0,0,0,0,0,1,0,0,0,0,0,0,2,0,0,2,0,0,0,0,1,1,1,0,0,0,0,0,1,1,0,4,0,0,1,2,0,0,0,2,2,0,0,1,0,0,0,0,3,14,0,1,1,1,18,8,0,0,0,0,0,0,0,1,0,0,20,5,0,0,0,0,0,0,0,0,1,1,0,2,0,5
03BR006,0,0,62,95,22,38,9,205,9,34,3,3387,0,3,0,9,37,16,15,0,66,93,1624,1,3,57,272,440,122,0,4,7,38,2517,8,5,16,27,79,10,123,21,0,0,0,6,0,0,9,17,25,251,88,34,46,0,6,244,777,55,0,0,9,98,51,2,25,7,357,515,21,11,32,1,2,9,2,19,1,672,0,0,4,0,41,493,181,148,3,0,882,50,39,1418,217,693,1744,0,15,118,235,0,1,5621,3,6,5,0,25,281,163,883,0,1,35,0,151,291,5,138,0,86,549,19,1,3,6077,140,0,141,12,0,13,1,5,40,2,19,1,1,319,11,77,13,1,366,0,0,1,0,0,0,0,0,0,0,2,0,0,1,0,0,0,0,0,0,0,0,0,1,0,0,0,0,0,0,0,1,0,0,0,0,0,0,0,0,1,0,0,0,0,0,0,0,0,0,0,0,1,0,0,0,0,11,0,0,5,0,2,1,0,0,4,0,3,0,0,5,0,3,0,1,3,2,0,5,1,0,0,1,2,4,0,5,0,0,0,7,0,0,1,1,3,4,0,0,4,305,585,4,0,0,0,0,0,1,0,0,0,1,0,0,0,1,1,1,4,1,0,3,1,4,0,2,1,0,0,7,6,4,16,0,1,0,8,10,6,6,0,4,3,3,10,0,5,0,5,0,2,3,0,4,2,0,0,3,7,3,0,4,3,11,3,29,0,0,0,0,0,0,0,8,0,0,8,57,0,0,0,0,0,0,0,0,1,2,4,1,0,2
05BR044,0,0,854,73,241,590,2,463,80,13,2,939,0,0,0,28,206,117,5,0,381,54,202,0,78,245,942,305,583,0,0,3,200,100,54,9,32,16,183,20,49,566,1,0,0,38,1,0,8,22,141,278,123,407,42,1,97,300,506,1,0,0,59,387,140,88,102,0,128,1432,147,23,180,27,2,109,8,97,0,278,1,1,10,1,172,190,167,1,45,3,318,85,80,14,776,542,1549,0,81,132,236,0,34,2460,18,10,9,0,62,573,384,237,3,0,2,0,144,3056,2,1029,0,179,418,136,5,4,461,1669,0,512,40,0,215,3,17,92,4,37,0,2,605,43,15,77,19,342,1,0,0,0,0,0,0,2,0,1,0,1,0,0,0,0,1,0,0,0,0,0,0,0,0,0,0,1,0,0,0,0,2,0,0,3,0,0,0,0,0,0,0,3,0,0,1,0,0,2,1,0,0,0,0,0,5,7,3,5,8,6,8,62,8,3,7,1,5,6,2,7,7,6,6,2,2,1,1,3,3,0,0,2,1,3,0,5,0,0,6,4,0,1,8,14,4,8,0,0,3,217,475,7,3,2,5,7,11,4,2,1,0,2,1,0,0,2,3,13,3,0,1,4,2,2,0,3,5,1,0,7,23,8,33,0,10,8,0,10,5,11,8,3,12,9,15,0,5,3,4,0,8,5,0,3,3,0,0,0,8,4,3,3,1,8,7,12,0,0,0,0,0,0,0,1,0,0,335,58,0,0,2,0,1,2,8,0,3,6,9,8,4,1
11BR053,0,0,105,20,50,34,1,25,3,8,0,3,1,0,0,25,35,3,0,0,26,10,65,0,26,46,131,146,0,2,0,13,38,138,13,13,10,13,73,7,2,74,0,0,0,2,0,0,1,10,32,137,24,105,4,0,68,57,3,0,0,0,42,41,58,124,3,0,17,310,13,4,45,3,0,9,0,9,0,12,1,0,1,1,26,3,12,0,3,0,4,3,0,1,109,381,257,0,6,18,21,0,1,244,2,3,4,0,1,190,75,42,1,2,8,0,87,107,1,57,0,37,58,6,0,0,298,143,0,58,8,0,5,0,0,8,0,6,0,0,26,8,4,5,2,75,0,0,0,0,0,0,0,0,0,0,0,0,0,0,0,0,0,0,0,0,0,2,0,1,0,0,0,0,0,0,0,0,0,0,0,0,0,0,0,0,0,0,0,0,0,0,0,0,0,0,0,0,0,0,1,0,1,0,0,2,1,0,0,1,1,0,4,0,0,0,1,0,0,0,0,2,2,0,0,1,3,1,0,0,0,1,1,0,0,3,2,0,0,0,1,0,0,1,0,0,2,20,55,1,0,0,0,0,0,1,0,0,0,0,0,0,0,0,0,0,3,1,2,0,0,0,0,2,0,0,0,1,9,0,4,0,1,0,1,0,1,2,1,0,0,2,0,0,0,0,0,0,3,1,0,0,0,0,0,0,0,1,0,0,0,1,0,7,0,0,0,0,0,0,0,0,0,0,4,4,0,0,0,0,0,0,0,0,0,3,1,4,5,0
11BR044,3,0,17490,6253,131,140,2,203,61,56,33,195,0,0,0,119,701,44,385,0,445,59,659,4,13,564,9971,1733,1035,1,0,19,1028,1144,855,8,139,105,4174,188,57,8355,5,0,1,203,2,1,61,651,835,834,142,938,179,0,1901,4468,90,4,0,0,184,402,286,75,29,0,40,4254,176,21,372,18,18,43,0,15,0,19,0,68,8,5,129,40,284,0,9,0,66,251,7,2,11225,1722,3686,5,378,98,60,1,10,18514,87,22,16,0,7,12896,1624,1018,1,3,1204,0,1064,5309,80,24861,1,2381,16724,150,356,2,793,560,0,1226,31,0,49,2,10,106,0,23,10,0,95,109,351,2,65,520,1,0,1,0,0,0,0,0,1,1,0,0,0,1,0,0,1,0,1,0,0,5,0,0,0,0,0,0,0,1,1,0,0,0,0,1,0,0,0,0,0,0,0,3,0,0,0,1,0,0,0,0,0,0,1,0,3,5,2,2,22,14,8,3,9,4,13,2,26,4,6,6,2,6,2,3,6,4,1,6,10,3,3,4,6,3,2,6,0,1,6,2,0,5,13,13,4,4,0,0,13,215,645,9,2,2,9,9,6,12,2,2,2,2,0,1,0,4,0,2,8,0,0,7,10,1,1,10,5,0,0,11,12,8,25,0,2,3,3,20,26,21,11,5,7,16,32,0,14,1,4,0,5,7,1,25,9,0,0,0,25,11,3,6,2,16,18,19,0,0,0,0,0,1,0,4,12,0,32,40,0,0,1,0,0,0,10,0,6,3,5,4,5,9
18BR010,0,0,24,29,24,75,0,48,45,13,3,27,0,0,0,5,35,2,6,0,124,0,36,1,3,44,207,63,65,0,0,5,87,37,9,5,3,5,79,4,187,68,0,0,0,1,0,0,0,14,43,137,43,37,18,0,0,50,10,0,0,0,12,40,41,28,0,0,2,236,33,0,70,1,1,5,0,0,0,8,0,0,0,0,35,1,158,0,0,0,0,5,5,1,294,74,471,0,3,2,8,0,0,280,1,18,9,0,0,106,33,104,0,0,1,0,78,119,2,119,0,36,99,91,2,0,8,136,0,56,133,0,33,4,9,22,0,317,1,0,184,5,8,14,7,269,1,0,0,3,0,1,0,0,0,0,0,0,0,0,1,0,0,0,0,0,0,1,0,0,0,0,0,0,0,0,0,0,0,0,0,0,0,0,1,0,0,0,0,0,0,0,0,1,0,0,0,0,0,0,0,1,1,6,3,4,1,0,12,3,4,2,9,0,5,5,0,3,1,4,1,3,7,0,0,5,3,4,0,1,3,0,1,1,5,1,2,4,0,0,1,4,2,1,0,0,11,81,231,0,4,2,6,2,3,2,0,0,0,0,1,0,0,1,1,0,1,0,0,2,1,3,0,0,0,0,0,2,7,8,7,0,0,0,0,6,2,10,5,1,5,1,6,1,6,0,2,0,4,4,0,5,1,0,0,0,8,5,0,1,0,17,3,6,0,0,0,1,0,0,0,0,0,1,15,17,0,0,0,0,2,0,5,0,3,5,3,3,9,6
11BR058,0,0,87,111,43,313,1,49,4,14,0,56,0,0,0,5,24,2,1,0,192,16,106,0,5,53,246,92,53,0,1,36,135,53,13,3,14,13,197,36,6,73,0,0,0,1,2,1,3,11,29,54,2,60,49,0,5,57,32,47,5,0,29,99,9,50,0,0,6,241,29,1,16,6,26,16,10,1,0,6,0,2,0,1,33,5,99,0,9,0,4,14,0,2,121,90,616,0,2,4,38,0,1,432,3,6,4,0,3,194,56,128,2,1,27,0,69,294,8,84,2,65,62,39,0,0,35,82,0,50,11,0,8,1,8,26,0,27,0,0,59,31,58,98,10,694,3,2,4,1,0,0,1,0,1,0,0,0,0,1,9,0,0,0,0,0,1,2,0,0,0,0,0,0,0,1,0,1,2,0,0,1,0,0,0,0,0,0,0,0,0,0,0,0,0,0,0,0,0,0,0,0,3,3,3,7,7,6,7,8,1,4,9,4,5,7,2,1,4,0,2,2,2,1,1,1,7,1,0,1,1,2,2,10,0,1,1,4,0,3,3,5,4,3,0,0,3,164,187,1,1,1,0,2,1,2,1,0,1,1,0,1,1,2,0,3,5,1,0,2,7,0,5,3,1,0,1,3,12,11,11,0,2,1,0,7,7,3,3,0,6,10,4,0,6,1,4,0,1,3,0,1,3,1,1,0,19,4,0,1,0,9,2,8,0,0,0,0,0,0,0,1,2,0,219,20,0,0,0,0,0,0,12,0,3,10,12,8,7,2
11BR012,0,0,164,326,738,1,2,411,4,121,35,967,0,0,0,13,64,41,38,0,68,36,245,0,9,122,855,189,175,0,0,3,199,391,36,0,0,10,183,9,32,66,1,0,0,2,1,1,6,10,40,102,1,149,44,0,0,107,29,0,0,0,96,117,120,139,0,0,41,421,43,16,128,7,57,18,24,4,1,58,0,0,13,1,74,7,55,0,1,0,1,50,22,5,1319,216,953,1,10,2,16,0,8,812,7,13,3,0,12,689,809,304,2,0,0,0,455,794,4,173,0,92,702,122,6,2,241,281,2,271,11,0,39,0,15,48,2,31,3,3,118,44,30,18,22,495,0,0,0,0,0,0,0,1,0,0,1,0,0,0,0,1,1,0,0,0,0,2,0,0,3,0,0,0,1,0,0,0,2,0,0,1,1,0,1,0,1,0,0,2,0,0,0,0,1,0,1,0,3,0,0,0,1,4,3,5,14,14,11,1,15,4,12,5,8,2,1,5,3,3,0,4,5,4,2,3,3,4,0,4,0,4,5,7,0,2,2,3,0,1,9,4,6,4,0,0,7,243,466,5,0,2,3,6,3,6,2,1,2,1,0,0,1,1,0,4,11,2,4,0,9,0,15,4,3,0,0,3,21,9,19,1,2,1,1,10,3,16,7,4,5,11,13,0,5,3,3,0,3,12,1,16,7,0,2,0,57,4,2,3,0,16,6,30,0,0,0,2,0,1,0,6,5,0,38,43,0,0,0,0,0,0,7,1,3,13,11,3,6,11
01BR018,11,0,4968,1350,1779,1583,3,2014,178,276,6,905,1,12,1,444,1006,511,6,1,1239,160,2890,1,57,1689,3986,5945,855,5,0,416,1273,535,332,62,394,220,1422,230,412,500,17,0,0,35,3,0,73,630,454,1648,1008,1822,141,5,981,757,262,689,3,0,431,614,1131,1019,68,0,176,11184,493,57,2899,84,125,91,6,65,0,103,3,4,17,7,962,56,733,4,23,3,45,1112,31,183,3974,3726,7481,3,96,118,1813,0,14,14914,104,86,32,0,282,3232,4080,1816,5,9,443,9,1073,4550,214,2958,19,783,4875,294,10,36,3133,3794,0,2583,99,24,334,8,78,853,29,183,5,3,1645,436,840,2140,51,1150,2,0,0,3,2,2,0,1,2,0,1,1,0,1,2,1,0,1,1,0,1,2,0,2,1,1,1,1,2,1,0,0,1,0,0,1,1,0,1,0,0,0,0,0,0,0,0,2,0,0,0,0,2,0,0,1,5,1,2,20,23,13,15,12,17,13,60,1,33,8,18,15,5,8,11,3,13,20,3,6,30,2,2,6,1,11,5,15,1,25,7,3,0,6,13,12,4,18,0,0,12,619,1086,10,3,4,7,4,5,11,5,2,1,4,0,0,3,3,0,0,12,0,0,7,8,2,3,7,18,1,1,6,33,14,44,0,5,20,3,11,25,32,12,21,4,45,61,0,13,1,8,0,24,20,9,17,40,0,0,0,40,10,9,20,5,17,15,38,0,0,0,0,0,0,0,32,1,0,31,223,0,0,1,0,3,6,69,0,17,11,19,8,5,15
11BR009,4,0,1200,35,296,644,1,549,222,342,0,400,0,0,0,528,648,527,6,0,1326,25,325,0,71,773,1675,1142,938,1,0,778,947,353,302,17,56,110,791,102,95,3742,1,0,1,42,4,1,36,239,587,648,1186,519,190,1,91,3147,72,1457,0,0,878,791,135,131,19,2,37,4073,264,12,469,42,114,41,100,17,5,47,0,0,11,8,57,26,322,4,16,0,21,80,8,226,2774,878,4690,6,97,9,46,1,6,13045,4,63,86,1,65,1487,1427,627,3,3,468,0,516,1418,84,6083,2,170,8399,447,1,9,1627,1003,0,527,211,0,81,1,3,464,1,103,17,2,318,1334,676,2514,15,662,1,2,0,2,2,0,1,0,0,1,1,1,0,1,0,0,0,0,1,1,0,2,0,0,1,1,1,1,0,0,0,0,1,0,1,0,1,1,0,0,0,1,0,1,0,1,1,0,0,0,0,0,2,0,1,0,5,5,5,10,13,8,12,20,13,5,15,2,10,6,5,11,2,2,2,3,6,0,0,6,9,3,1,3,2,2,5,17,0,3,6,7,0,1,11,15,10,4,0,0,8,272,428,5,2,8,8,9,9,10,0,0,2,0,3,0,0,0,2,4,10,0,0,2,2,0,4,3,7,0,0,6,19,4,26,0,10,6,0,12,14,30,11,9,10,22,14,0,4,3,1,1,4,6,0,13,7,2,0,0,13,12,1,4,0,18,9,55,0,0,0,0,0,1,0,20,8,0,55,81,1,0,0,0,0,3,20,0,8,13,16,9,15,20
05BR043,1,0,542,423,71,1448,2,2245,1,3278,1421,183,0,0,0,22,270,163,78,0,239,49,173,0,5,137,1132,1833,330,1,0,74,224,93,95,3,181,30,517,33,137,106,0,0,0,22,1,0,6,817,144,556,229,149,47,0,71,444,132,140,0,0,1339,2451,257,629,75,10,430,2305,7821,6,273,276,2,442,17,72,11,1020,0,4,12,9,318,192,111,119,48,0,465,26,39,1343,1860,788,2162,4,137,117,295,115,7,2506,6,40,12,0,53,754,941,557,2,2,4,0,173,362,15,1141,0,120,208,732,8,3,573,411,1,383,19,0,28,0,3,191,2,20,1,0,234,25,43,30,14,617,1,3,2,4,0,0,0,0,3,1,0,0,0,1,3,2,0,0,1,0,0,0,0,2,2,0,1,0,1,0,0,0,3,0,0,1,2,0,0,0,1,0,1,1,0,0,0,0,0,0,0,0,4,0,1,1,3,5,16,6,19,22,14,15,7,16,8,0,5,8,4,10,4,10,6,3,11,5,4,5,8,2,0,2,4,11,2,14,0,5,8,5,0,9,13,16,11,9,0,0,14,423,672,8,3,2,14,7,18,14,1,0,2,2,1,4,2,12,2,3,11,0,1,13,6,1,0,5,2,1,0,15,51,19,26,2,24,6,2,13,42,87,12,6,9,2,40,1,14,8,9,0,7,4,0,8,13,0,2,0,10,12,5,2,4,14,8,81,0,0,0,3,2,6,1,5,11,0,29,41,0,0,0,0,0,3,7,0,4,24,37,15,7,5
09BR001,0,0,5,0,0,9,2,3,0,0,0,5,0,0,0,2,1,0,0,0,9,2,12,0,1,17,15,5,7,0,0,1,7,9,0,3,0,0,8,4,3,23,0,0,0,1,0,0,1,0,2,0,2,5,2,0,1,4,2,3,0,0,2,0,3,6,0,0,2,20,2,0,3,1,6,1,2,0,0,2,0,0,0,6,4,8,8,0,1,0,6,1,0,0,21,40,45,0,4,1,8,0,0,18,0,2,0,0,1,9,8,15,3,1,5,0,9,26,2,15,0,8,18,6,0,0,20,10,0,6,0,0,3,0,2,3,0,5,0,0,3,0,1,0,0,148,0,0,0,0,0,0,0,0,0,0,0,0,0,0,0,0,0,0,0,0,0,0,0,0,0,0,0,0,0,0,0,0,0,0,0,0,0,0,0,0,0,0,1,0,0,0,0,0,0,0,0,0,0,0,0,0,0,0,0,0,0,0,4,1,0,0,0,5,12,0,0,0,0,0,0,0,1,0,0,0,0,0,0,1,1,0,1,2,0,0,0,0,0,0,0,0,0,0,0,0,0,58,83,1,0,0,0,0,0,0,0,0,0,0,0,0,0,0,0,0,0,0,0,0,0,0,0,0,0,0,0,0,0,2,2,6,0,0,0,0,0,0,0,4,1,0,1,1,1,0,1,0,2,2,1,3,0,7,5,0,1,0,0,0,0,1,0,9,0,0,0,0,0,0,0,0,0,0,1,6,0,0,0,0,0,0,2,0,0,0,0,0,2,0
01BR020,1,0,1053,403,26,601,1,182,0,146,118,1752,0,0,0,11,5947,0,24,0,153,2,150,0,39,2184,926,1028,1142,0,6,12,581,634,12,890,2,25,305,13,818,1705,1,0,0,124,6,0,73,142,246,602,12,225,337,0,2,2089,246,6,0,0,175,63,641,1513,118,0,309,3528,200,10,392,33,4,11,13,93,1,814,2,23,2,25,15,190,590,0,1,12,392,305,220,0,2756,857,26166,2,189,129,3069,3,5,13690,12,10,3,0,0,3029,1519,871,0,1,8,0,942,1417,336,4808,0,17,614,923,0,6,17318,644,0,3462,25,0,1030,1,5,37,8,176,19,28,791,1,20,14,573,774,1,0,0,0,0,0,0,0,1,0,1,0,0,0,1,0,0,0,1,0,0,1,0,2,1,0,2,0,0,2,1,1,1,4,0,1,1,0,1,0,0,0,0,1,1,0,2,0,0,0,0,1,2,0,0,0,3,11,3,10,6,10,12,7,4,7,14,2,26,10,8,7,0,4,1,3,4,6,3,5,7,0,3,4,8,4,5,10,0,5,6,7,0,5,9,10,8,11,0,0,12,450,906,13,0,5,7,4,9,17,2,2,4,2,0,0,0,2,3,7,7,0,5,6,16,2,1,4,5,1,0,8,21,14,46,1,3,8,3,11,12,12,16,5,6,10,30,0,17,1,7,0,9,8,0,12,8,0,0,0,71,6,1,14,5,12,21,11,0,0,0,0,0,0,0,3,1,0,19,34,0,0,0,2,0,1,13,0,3,6,4,2,1,3
18BR003,0,0,193,41,16,47,1,242,12,42,7,105,0,0,0,25,751,89,11,0,202,7,104,0,134,138,580,300,105,0,0,14,60,24,35,0,0,15,272,78,17,63,2,1,0,0,0,0,10,57,34,271,142,91,34,1,0,182,208,1,9,0,55,62,84,139,9,0,39,368,78,33,155,5,1,11,1,3,0,43,0,8,5,3,78,4,46,0,11,0,5,12,1,13,245,404,1036,1,11,7,39,0,3,1503,10,24,2,0,11,315,340,158,1,1,44,0,173,1273,26,904,0,116,359,8,12,3,197,229,0,358,25,0,1,1,16,68,18,9,2,4,50,44,58,156,19,1523,3,7,2,4,2,5,2,0,1,1,0,2,0,4,1,1,0,0,2,2,0,5,0,0,3,0,3,0,4,1,1,3,3,3,1,1,1,0,0,0,0,1,0,0,0,1,0,0,1,0,0,0,5,0,1,1,5,19,8,39,45,30,52,17,30,14,25,9,37,6,15,28,10,10,10,17,20,12,11,15,14,3,0,7,11,22,6,28,1,3,23,19,0,7,24,30,15,24,0,0,48,648,1637,7,1,9,16,12,14,11,4,4,4,13,0,0,1,9,4,7,34,0,4,19,25,6,21,10,3,1,0,15,84,30,58,0,6,20,2,68,90,47,37,24,28,19,52,0,34,7,10,0,18,22,2,35,33,0,0,2,62,6,5,10,0,40,26,44,0,0,0,1,1,0,1,19,3,1,130,137,1,1,1,0,0,5,60,0,27,21,14,5,10,22
06BR005,0,0,105,139,19,44,2,42,0,19,17,28,0,1,0,14,76,18,7,0,26,0,77,0,12,130,262,45,43,0,0,12,132,73,12,4,0,6,154,12,3,43,0,0,0,1,0,0,6,4,36,41,29,81,18,0,0,68,6,52,0,0,17,57,43,70,9,0,8,428,34,6,256,9,66,6,15,5,0,10,0,0,4,2,22,9,22,0,2,0,3,16,0,20,220,179,543,1,12,6,20,1,1,272,0,5,2,0,3,133,151,131,1,2,8,0,107,338,2,224,0,45,142,10,1,1,133,265,0,116,4,0,4,0,7,22,6,3,0,1,42,31,19,59,29,542,3,3,1,2,1,1,1,1,1,1,2,1,1,0,0,0,1,0,0,0,1,4,0,1,1,0,0,0,0,0,0,0,3,0,0,2,0,0,1,0,1,0,1,1,1,0,0,0,0,0,0,0,1,0,0,0,2,1,3,7,17,6,11,5,9,6,11,2,9,8,3,5,4,6,3,4,14,6,6,8,4,3,1,1,1,4,3,9,1,1,7,7,0,2,6,11,7,15,0,0,4,238,512,4,1,0,9,7,7,11,1,2,0,1,0,2,0,1,0,5,6,0,0,12,4,2,2,2,4,0,1,5,22,6,38,4,4,3,4,7,9,13,7,3,4,4,16,0,5,2,4,1,9,13,1,5,4,2,1,0,81,8,0,2,0,11,6,12,0,0,0,0,0,0,0,6,3,0,88,22,0,0,0,0,1,2,5,0,7,3,0,0,3,10
05BR038,2,0,401,319,1548,148,0,142,7,31,0,27,0,0,0,16,85,80,8,1,97,24,170,1,57,264,485,503,221,0,2,100,220,526,1087,13,65,173,522,28,11,160,0,1,1,45,0,1,4,64,114,490,365,305,6,0,86,143,90,1,1,0,58,173,145,82,32,0,104,1106,30,18,21,27,47,39,19,32,0,148,0,16,3,2,81,22,52,1,16,1,66,27,19,14,554,429,2241,1,46,65,223,1,2,492,7,6,4,1,4,406,423,269,2,2,27,0,140,515,30,267,0,76,358,20,33,7,252,4748,0,204,9,0,21,29,31,93,0,21,1,6,165,76,26,89,14,342,0,0,0,0,0,0,0,1,0,1,1,0,0,0,0,0,0,0,0,1,0,1,0,0,0,0,1,0,0,0,0,1,0,0,0,0,1,0,1,0,0,0,0,1,0,0,0,1,0,1,0,0,6,0,0,1,8,2,4,4,5,3,5,1,2,4,5,0,5,1,1,7,1,2,1,1,1,0,1,4,6,3,1,0,1,1,2,6,0,1,1,0,0,1,0,7,4,5,0,0,9,124,202,3,0,5,5,2,3,2,0,0,1,0,0,0,1,4,0,0,5,0,2,0,2,1,2,1,0,0,0,7,12,7,13,1,3,0,0,3,2,6,7,5,1,3,9,0,3,0,3,0,1,7,1,3,3,0,0,0,10,4,1,2,1,10,4,16,0,0,0,0,0,1,0,3,1,0,13,20,0,0,0,0,0,1,4,0,6,6,17,1,1,3
01BR044,0,0,9,9,0,5,5,6,0,4,0,1,0,0,0,0,2,2,2,0,10,2,9,0,1,18,42,24,8,0,6,2,7,2,0,0,0,3,19,0,5,14,0,0,0,0,1,0,2,0,5,18,0,12,2,0,0,15,9,0,0,0,1,6,11,8,11,0,4,85,3,0,17,1,0,1,0,17,0,17,0,0,0,3,7,2,5,0,1,0,7,5,4,1,66,23,35,0,7,5,7,0,0,39,0,1,0,0,0,46,15,5,7,0,3,0,5,34,13,27,0,15,35,21,0,0,17,35,0,24,16,0,5,0,0,5,0,1,2,3,7,4,49,2,1,839,0,0,0,0,0,0,0,0,0,0,2,2,0,0,3,1,0,1,0,0,0,0,0,1,0,0,1,0,0,0,0,2,0,0,0,0,0,0,0,0,0,0,2,0,0,0,0,0,0,0,0,0,0,0,0,0,0,1,0,1,1,1,2,0,0,0,5,0,2,0,3,1,0,0,0,1,1,2,0,1,1,0,0,1,0,1,3,4,1,0,2,0,0,1,0,2,2,0,0,0,10,63,214,0,0,0,1,0,1,1,0,1,2,0,0,0,0,0,0,0,0,0,0,0,2,0,0,0,0,1,0,0,0,2,11,4,0,0,0,4,1,6,0,3,0,4,3,0,0,2,1,0,0,0,0,1,2,0,0,0,7,5,0,6,0,4,1,19,0,0,0,1,0,0,1,1,0,0,5,5,0,0,0,0,0,0,3,0,4,3,6,3,0,1
20BR001,0,0,29,80,11,1,0,8,1,10,26,48,0,0,0,4,23,0,3,0,18,22,41,0,17,69,55,293,30,0,1,1,75,24,18,10,0,22,36,36,6,33,2,0,0,1,1,0,2,4,25,84,5,80,6,1,0,27,3,0,12,0,70,158,44,39,1,0,13,429,117,7,78,7,3,7,6,1,0,10,0,25,22,1,38,3,59,0,3,0,5,8,0,6,550,304,515,1,9,38,20,0,1,510,3,33,15,0,21,570,281,220,0,0,58,0,218,811,12,204,1,37,301,161,0,67,394,1616,0,181,35,0,20,1,1,61,48,8,3,0,385,29,165,806,32,147,0,0,0,0,0,0,0,0,0,0,1,0,1,0,0,0,0,0,0,0,0,0,0,1,0,0,0,0,0,0,0,0,0,0,0,0,0,0,0,0,0,0,0,1,0,0,0,0,0,0,0,0,0,1,0,0,1,0,2,3,1,2,7,1,5,4,2,2,4,2,1,0,3,0,1,4,2,0,3,0,0,0,0,0,0,3,2,1,0,1,1,1,0,1,2,4,1,3,0,0,4,135,132,0,0,0,0,1,0,0,0,0,0,3,2,0,0,0,1,1,0,0,1,2,2,1,1,2,1,0,0,2,1,1,8,2,0,5,3,11,4,4,3,4,3,0,9,0,0,0,0,0,3,2,0,3,3,0,0,0,2,3,0,6,0,1,5,21,0,0,0,1,0,0,0,0,0,0,16,14,0,0,0,0,0,0,2,0,4,3,0,1,6,1
06BR014,0,0,35,74,12,0,1,13,2,13,5,17,0,1,0,1,15,1,37,0,13,10,65,0,8,33,125,20,37,1,1,5,71,31,17,7,2,5,84,27,14,44,1,0,0,3,0,1,0,6,28,72,2,73,4,0,0,30,8,0,0,0,11,22,3,17,1,0,2,111,13,2,36,2,22,8,2,2,0,3,0,4,5,1,31,0,28,0,6,0,0,4,1,0,185,69,227,0,6,2,8,0,0,159,3,12,13,1,2,55,55,21,0,0,20,0,44,89,10,74,0,31,75,27,0,1,125,43,0,48,9,0,8,1,7,22,0,6,0,1,14,15,31,17,1,115,1,0,0,0,0,0,1,0,0,0,0,0,0,1,0,0,0,0,1,0,0,0,0,0,3,0,0,0,0,0,0,0,0,0,0,0,0,0,0,0,0,0,0,1,0,0,0,0,0,0,0,0,0,0,0,0,1,2,0,1,1,4,2,3,0,1,3,8,3,1,1,4,0,0,2,0,2,0,0,2,3,1,0,0,2,4,1,0,0,0,0,0,0,0,1,2,2,1,0,0,0,49,64,0,1,1,2,1,0,2,1,0,0,2,0,0,1,1,0,2,1,0,0,1,0,0,0,1,2,0,0,0,2,1,6,0,0,2,1,1,6,3,1,0,0,0,2,0,4,1,1,0,1,0,1,2,2,0,0,0,3,1,0,0,0,1,0,8,0,0,0,1,0,0,0,1,6,0,16,5,0,0,0,0,0,3,3,0,1,3,4,4,3,3
01BR027,2,0,17114,170,48,27,3,51,7,14,1698,84,0,0,0,2,46,1,4,0,692,6,159,0,9,738,1955,1971,388,0,0,2,1787,65,304,3,1550,104,886,1,31,68,0,0,0,2,0,0,7,3198,68,688,83,691,11,0,22,1661,35,2,2,0,89,49,31,84,61,0,9,299,158,41,1979,14,28,5,7,25,1,15,0,0,7,3,12,39,74,0,0,0,27,2448,2,2,1619,425,2755,0,38,20,15,1,3,377,62,21,2,0,7,8318,2532,87,4,2,95,0,2297,7946,1106,8702,0,19,4865,45,1,3,304,1011,3,2919,115,0,8,0,13,4493,8,13,6,0,253,25,1583,116,10,367,1,0,1,0,1,0,0,1,0,0,2,0,0,1,1,0,0,2,1,0,0,1,0,0,2,0,0,0,0,0,1,1,1,3,0,0,0,0,0,0,1,3,0,0,0,0,0,0,0,0,0,0,0,0,0,0,0,2,4,3,8,7,16,5,4,2,3,0,8,3,1,4,6,6,0,0,6,0,2,3,6,3,1,1,2,4,2,4,0,11,2,3,0,2,1,6,9,3,0,0,4,154,323,1,0,2,4,1,3,2,2,0,0,3,0,0,0,0,0,6,2,0,0,2,5,0,0,3,3,0,0,6,5,2,19,0,0,3,0,33,13,13,4,1,6,8,14,0,2,2,5,0,3,3,0,7,2,0,0,0,19,6,0,1,0,10,15,18,0,0,0,0,0,0,0,5,0,0,3,18,0,0,0,0,0,3,5,0,2,2,8,6,0,0
11BR025,0,0,9,7,4,5,0,5,0,1,0,6,0,0,0,3,1,0,0,0,2,1,6,0,0,8,27,14,21,0,0,0,7,1,1,0,0,0,7,1,1,13,0,0,0,0,1,0,0,0,5,9,11,5,0,0,4,7,2,0,4,0,3,3,0,6,0,0,0,30,0,4,5,2,7,5,1,0,0,0,0,0,1,0,2,0,3,0,0,0,0,5,0,0,9,22,25,0,0,1,0,0,0,18,0,0,0,0,0,20,3,6,3,0,0,0,10,37,2,10,0,12,7,0,0,1,6,16,0,43,2,0,4,0,1,11,0,1,0,0,3,0,2,1,1,58,0,0,0,0,0,0,0,0,0,0,0,0,0,0,0,0,0,0,0,0,0,0,0,1,1,0,2,0,0,0,0,0,0,0,0,0,0,0,0,0,0,0,0,0,0,0,0,0,0,0,0,0,1,0,0,0,0,3,0,1,1,0,2,0,2,4,0,2,1,0,0,1,0,2,0,0,0,2,0,1,0,0,0,1,0,0,1,0,0,0,0,2,0,1,1,0,2,1,0,0,2,33,38,1,0,0,1,0,0,1,1,0,0,0,0,0,0,0,0,0,0,0,0,1,0,0,0,0,0,0,0,1,3,4,3,1,0,0,0,3,4,2,1,1,0,0,1,0,1,1,0,0,0,1,0,1,1,0,0,0,47,10,0,2,0,2,1,8,0,0,0,0,0,0,0,0,0,0,5,6,0,0,0,0,0,1,1,0,1,6,2,2,2,1
11BR036,0,0,3,0,0,2,0,5,0,3,2,2,0,0,0,0,0,0,0,0,3,0,0,0,0,1,2,0,3,0,0,0,1,4,1,0,0,1,1,0,1,5,0,0,0,0,0,0,0,0,3,6,11,4,1,0,2,1,1,0,0,0,1,0,0,0,0,0,0,9,1,0,0,0,0,0,0,0,0,3,0,0,0,1,2,1,0,0,0,0,1,0,0,0,8,5,11,0,0,1,1,0,0,4,0,0,0,0,0,6,6,0,0,0,2,0,2,12,0,7,0,3,3,0,0,0,1,2,0,0,0,0,0,0,1,1,0,1,0,1,0,0,4,26,0,50,1,0,0,0,0,0,0,0,0,0,0,1,0,0,0,0,0,0,0,0,0,1,0,0,0,0,0,0,0,0,0,0,0,0,0,0,0,1,0,1,0,0,0,0,0,0,0,0,0,0,0,0,0,0,0,0,0,0,0,0,0,0,0,0,0,0,0,0,1,0,0,0,0,0,0,0,0,0,0,1,2,0,0,0,1,0,1,0,0,0,0,0,0,0,0,2,0,0,0,0,0,16,36,2,0,0,0,0,0,0,0,0,0,0,0,0,0,0,0,0,0,0,0,0,0,0,0,0,0,0,0,0,1,1,1,0,0,0,1,1,3,0,0,0,0,0,2,0,0,0,0,0,0,1,1,0,1,1,1,0,1,0,0,0,0,0,0,5,0,0,0,0,0,0,0,0,2,0,4,6,0,0,0,0,0,0,0,0,1,3,2,1,1,0
01BR026,0,0,170,85,91,69,1,18,1,14,0,167,0,0,0,4,42,11,0,0,78,24,107,0,14,119,657,229,71,0,0,2,86,31,9,79,0,9,185,31,0,98,0,0,0,10,1,0,16,146,43,132,19,31,93,0,0,64,28,0,0,0,277,159,108,81,43,0,73,379,68,12,55,63,7,29,9,46,0,94,1,10,2,51,136,43,106,6,18,1,88,30,53,24,444,337,3002,8,29,54,278,0,0,768,9,17,8,22,61,330,208,468,5,0,81,0,126,225,62,302,0,46,320,83,4,1,59,92,0,88,35,0,49,0,16,97,8,34,4,7,131,17,135,12,1,1198,5,0,1,1,3,0,0,0,2,0,1,3,0,0,0,2,1,1,0,0,3,1,0,0,1,3,2,0,0,0,0,1,1,2,1,0,0,0,0,0,0,1,2,3,0,0,0,0,0,0,1,0,2,0,0,0,12,10,4,12,23,27,30,13,8,9,13,3,18,10,3,23,7,4,2,9,8,3,7,22,13,3,0,9,10,18,3,17,0,5,13,10,0,9,15,23,14,17,1,0,25,629,896,8,0,3,17,11,13,18,0,1,2,1,2,0,2,5,0,1,9,0,1,11,9,2,4,5,4,0,0,14,30,21,47,2,28,6,4,23,43,26,6,6,11,23,49,0,27,10,12,0,9,16,2,23,12,0,0,1,64,12,2,14,0,23,12,55,0,0,0,1,0,0,0,5,4,0,37,110,0,0,0,0,0,0,18,0,18,7,8,10,4,12
